date,open,high,low,close,volume,change,changePercent,vwap,profile_symbol,profile_price,profile_marketCap,profile_beta,profile_lastDividend,profile_range,profile_change,profile_changePercentage,profile_volume,profile_averageVolume,profile_companyName,profile_currency,profile_cik,profile_isin,profile_cusip,profile_exchangeFullName,profile_exchange,profile_industry,profile_website,profile_ceo,profile_sector,profile_country,profile_fullTimeEmployees,profile_phone,profile_address,profile_city,profile_state,profile_zip,profile_image,profile_ipoDate,dividend_amount,income_annual_symbol,income_annual_reportedCurrency,income_annual_cik,income_annual_filingDate,income_annual_acceptedDate,income_annual_fiscalYear,income_annual_period,income_annual_revenue,income_annual_costOfRevenue,income_annual_grossProfit,income_annual_researchAndDevelopmentExpenses,income_annual_generalAndAdministrativeExpenses,income_annual_sellingAndMarketingExpenses,income_annual_sellingGeneralAndAdministrativeExpenses,income_annual_otherExpenses,income_annual_operatingExpenses,income_annual_costAndExpenses,income_annual_netInterestIncome,income_annual_interestIncome,income_annual_interestExpense,income_annual_depreciationAndAmortization,income_annual_ebitda,income_annual_ebit,income_annual_nonOperatingIncomeExcludingInterest,income_annual_operatingIncome,income_annual_totalOtherIncomeExpensesNet,income_annual_incomeBeforeTax,income_annual_incomeTaxExpense,income_annual_netIncomeFromContinuingOperations,income_annual_netIncomeFromDiscontinuedOperations,income_annual_otherAdjustmentsToNetIncome,income_annual_netIncome,income_annual_netIncomeDeductions,income_annual_bottomLineNetIncome,income_annual_eps,income_annual_epsDiluted,income_annual_weightedAverageShsOut,income_annual_weightedAverageShsOutDil,income_annual_period_type,balance_annual_symbol,balance_annual_reportedCurrency,balance_annual_cik,balance_annual_filingDate,balance_annual_acceptedDate,balance_annual_fiscalYear,balance_annual_period,balance_annual_cashAndCashEquivalents,balance_annual_shortTermInvestments,balance_annual_cashAndShortTermInvestments,balance_annual_netReceivables,balance_annual_accountsReceivables,balance_annual_otherReceivables,balance_annual_inventory,balance_annual_prepaids,balance_annual_otherCurrentAssets,balance_annual_totalCurrentAssets,balance_annual_propertyPlantEquipmentNet,balance_annual_goodwill,balance_annual_intangibleAssets,balance_annual_goodwillAndIntangibleAssets,balance_annual_longTermInvestments,balance_annual_taxAssets,balance_annual_otherNonCurrentAssets,balance_annual_totalNonCurrentAssets,balance_annual_otherAssets,balance_annual_totalAssets,balance_annual_totalPayables,balance_annual_accountPayables,balance_annual_otherPayables,balance_annual_accruedExpenses,balance_annual_shortTermDebt,balance_annual_capitalLeaseObligationsCurrent,balance_annual_taxPayables,balance_annual_deferredRevenue,balance_annual_otherCurrentLiabilities,balance_annual_totalCurrentLiabilities,balance_annual_longTermDebt,balance_annual_capitalLeaseObligationsNonCurrent,balance_annual_deferredRevenueNonCurrent,balance_annual_deferredTaxLiabilitiesNonCurrent,balance_annual_otherNonCurrentLiabilities,balance_annual_totalNonCurrentLiabilities,balance_annual_otherLiabilities,balance_annual_capitalLeaseObligations,balance_annual_totalLiabilities,balance_annual_treasuryStock,balance_annual_preferredStock,balance_annual_commonStock,balance_annual_retainedEarnings,balance_annual_additionalPaidInCapital,balance_annual_accumulatedOtherComprehensiveIncomeLoss,balance_annual_otherTotalStockholdersEquity,balance_annual_totalStockholdersEquity,balance_annual_totalEquity,balance_annual_minorityInterest,balance_annual_totalLiabilitiesAndTotalEquity,balance_annual_totalInvestments,balance_annual_totalDebt,balance_annual_netDebt,balance_annual_period_type,cashflow_annual_symbol,cashflow_annual_reportedCurrency,cashflow_annual_cik,cashflow_annual_filingDate,cashflow_annual_acceptedDate,cashflow_annual_fiscalYear,cashflow_annual_period,cashflow_annual_netIncome,cashflow_annual_depreciationAndAmortization,cashflow_annual_deferredIncomeTax,cashflow_annual_stockBasedCompensation,cashflow_annual_changeInWorkingCapital,cashflow_annual_accountsReceivables,cashflow_annual_inventory,cashflow_annual_accountsPayables,cashflow_annual_otherWorkingCapital,cashflow_annual_otherNonCashItems,cashflow_annual_netCashProvidedByOperatingActivities,cashflow_annual_investmentsInPropertyPlantAndEquipment,cashflow_annual_acquisitionsNet,cashflow_annual_purchasesOfInvestments,cashflow_annual_salesMaturitiesOfInvestments,cashflow_annual_otherInvestingActivities,cashflow_annual_netCashProvidedByInvestingActivities,cashflow_annual_netDebtIssuance,cashflow_annual_longTermNetDebtIssuance,cashflow_annual_shortTermNetDebtIssuance,cashflow_annual_netStockIssuance,cashflow_annual_netCommonStockIssuance,cashflow_annual_commonStockIssuance,cashflow_annual_commonStockRepurchased,cashflow_annual_netPreferredStockIssuance,cashflow_annual_netDividendsPaid,cashflow_annual_commonDividendsPaid,cashflow_annual_preferredDividendsPaid,cashflow_annual_otherFinancingActivities,cashflow_annual_netCashProvidedByFinancingActivities,cashflow_annual_effectOfForexChangesOnCash,cashflow_annual_netChangeInCash,cashflow_annual_cashAtEndOfPeriod,cashflow_annual_cashAtBeginningOfPeriod,cashflow_annual_operatingCashFlow,cashflow_annual_capitalExpenditure,cashflow_annual_freeCashFlow,cashflow_annual_incomeTaxesPaid,cashflow_annual_interestPaid,cashflow_annual_period_type,metrics_annual_symbol,metrics_annual_fiscalYear,metrics_annual_period,metrics_annual_reportedCurrency,metrics_annual_marketCap,metrics_annual_enterpriseValue,metrics_annual_evToSales,metrics_annual_evToOperatingCashFlow,metrics_annual_evToFreeCashFlow,metrics_annual_evToEBITDA,metrics_annual_netDebtToEBITDA,metrics_annual_currentRatio,metrics_annual_incomeQuality,metrics_annual_grahamNumber,metrics_annual_grahamNetNet,metrics_annual_taxBurden,metrics_annual_interestBurden,metrics_annual_workingCapital,metrics_annual_investedCapital,metrics_annual_returnOnAssets,metrics_annual_operatingReturnOnAssets,metrics_annual_returnOnTangibleAssets,metrics_annual_returnOnEquity,metrics_annual_returnOnInvestedCapital,metrics_annual_returnOnCapitalEmployed,metrics_annual_earningsYield,metrics_annual_freeCashFlowYield,metrics_annual_capexToOperatingCashFlow,metrics_annual_capexToDepreciation,metrics_annual_capexToRevenue,metrics_annual_salesGeneralAndAdministrativeToRevenue,metrics_annual_researchAndDevelopementToRevenue,metrics_annual_stockBasedCompensationToRevenue,metrics_annual_intangiblesToTotalAssets,metrics_annual_averageReceivables,metrics_annual_averagePayables,metrics_annual_averageInventory,metrics_annual_daysOfSalesOutstanding,metrics_annual_daysOfPayablesOutstanding,metrics_annual_daysOfInventoryOutstanding,metrics_annual_operatingCycle,metrics_annual_cashConversionCycle,metrics_annual_freeCashFlowToEquity,metrics_annual_freeCashFlowToFirm,metrics_annual_tangibleAssetValue,metrics_annual_netCurrentAssetValue,market_derived_shares,reported_shares,weighted_shares_outstanding
2020-10-05,262.2,264.87,260.84,264.65,12822300,2.45,0.9344,263.14,META,727.05,1826491406013,1.242,2.075,479.8-796.25,9.71,1.35361,11364556,11406480,"Meta Platforms, Inc.",USD,0001326801,US30303M1027,30303M102,NASDAQ Global Select,NASDAQ,Internet Content & Information,https://investor.fb.com,Mark Elliot Zuckerberg,Communication Services,US,76834,650 543 4800,1601 Willow Road,Menlo Park,CA,94025,https://images.financialmodelingprep.com/symbol/META.png,2012-05-18,,,,,,,,,,,,,,,,,,,,,,,,,,,,,,,,,,,,,,,,,,,,,,,,,,,,,,,,,,,,,,,,,,,,,,,,,,,,,,,,,,,,,,,,,,,,,,,,,,,,,,,,,,,,,,,,,,,,,,,,,,,,,,,,,,,,,,,,,,,,,,,,,,,,,,,,,,,,,,,,,,,,,,,,,,,,,,,,,,,,,,,,,,,,,,,,,,,6901535635.794446,,6901535635.794446
2020-10-06,261.78,265.69,258.24,258.66,18696917,-3.12,-1.19,261.0925,META,727.05,1826491406013,1.242,2.075,479.8-796.25,9.71,1.35361,11364556,11406480,"Meta Platforms, Inc.",USD,0001326801,US30303M1027,30303M102,NASDAQ Global Select,NASDAQ,Internet Content & Information,https://investor.fb.com,Mark Elliot Zuckerberg,Communication Services,US,76834,650 543 4800,1601 Willow Road,Menlo Park,CA,94025,https://images.financialmodelingprep.com/symbol/META.png,2012-05-18,,,,,,,,,,,,,,,,,,,,,,,,,,,,,,,,,,,,,,,,,,,,,,,,,,,,,,,,,,,,,,,,,,,,,,,,,,,,,,,,,,,,,,,,,,,,,,,,,,,,,,,,,,,,,,,,,,,,,,,,,,,,,,,,,,,,,,,,,,,,,,,,,,,,,,,,,,,,,,,,,,,,,,,,,,,,,,,,,,,,,,,,,,,,,,,,,,,7061360109.846903,,7061360109.846903
2020-10-07,259.21,260.18,254.82,258.12,23133417,-1.09,-0.42051,258.0825,META,727.05,1826491406013,1.242,2.075,479.8-796.25,9.71,1.35361,11364556,11406480,"Meta Platforms, Inc.",USD,0001326801,US30303M1027,30303M102,NASDAQ Global Select,NASDAQ,Internet Content & Information,https://investor.fb.com,Mark Elliot Zuckerberg,Communication Services,US,76834,650 543 4800,1601 Willow Road,Menlo Park,CA,94025,https://images.financialmodelingprep.com/symbol/META.png,2012-05-18,,,,,,,,,,,,,,,,,,,,,,,,,,,,,,,,,,,,,,,,,,,,,,,,,,,,,,,,,,,,,,,,,,,,,,,,,,,,,,,,,,,,,,,,,,,,,,,,,,,,,,,,,,,,,,,,,,,,,,,,,,,,,,,,,,,,,,,,,,,,,,,,,,,,,,,,,,,,,,,,,,,,,,,,,,,,,,,,,,,,,,,,,,,,,,,,,,,7076132829.741981,,7076132829.741981
2020-10-08,259.75,264.62,259.15,263.76,16312800,4.01,1.54,261.82,META,727.05,1826491406013,1.242,2.075,479.8-796.25,9.71,1.35361,11364556,11406480,"Meta Platforms, Inc.",USD,0001326801,US30303M1027,30303M102,NASDAQ Global Select,NASDAQ,Internet Content & Information,https://investor.fb.com,Mark Elliot Zuckerberg,Communication Services,US,76834,650 543 4800,1601 Willow Road,Menlo Park,CA,94025,https://images.financialmodelingprep.com/symbol/META.png,2012-05-18,,,,,,,,,,,,,,,,,,,,,,,,,,,,,,,,,,,,,,,,,,,,,,,,,,,,,,,,,,,,,,,,,,,,,,,,,,,,,,,,,,,,,,,,,,,,,,,,,,,,,,,,,,,,,,,,,,,,,,,,,,,,,,,,,,,,,,,,,,,,,,,,,,,,,,,,,,,,,,,,,,,,,,,,,,,,,,,,,,,,,,,,,,,,,,,,,,,6924823347.031392,,6924823347.031392
2020-10-09,264.52,264.75,262.17,264.45,14107803,-0.07,-0.02646303,263.9725,META,727.05,1826491406013,1.242,2.075,479.8-796.25,9.71,1.35361,11364556,11406480,"Meta Platforms, Inc.",USD,0001326801,US30303M1027,30303M102,NASDAQ Global Select,NASDAQ,Internet Content & Information,https://investor.fb.com,Mark Elliot Zuckerberg,Communication Services,US,76834,650 543 4800,1601 Willow Road,Menlo Park,CA,94025,https://images.financialmodelingprep.com/symbol/META.png,2012-05-18,,,,,,,,,,,,,,,,,,,,,,,,,,,,,,,,,,,,,,,,,,,,,,,,,,,,,,,,,,,,,,,,,,,,,,,,,,,,,,,,,,,,,,,,,,,,,,,,,,,,,,,,,,,,,,,,,,,,,,,,,,,,,,,,,,,,,,,,,,,,,,,,,,,,,,,,,,,,,,,,,,,,,,,,,,,,,,,,,,,,,,,,,,,,,,,,,,,6906755174.940443,,6906755174.940443
2020-10-12,270.2,280.18,267.87,275.75,31019300,5.55,2.05,273.5,META,727.05,1826491406013,1.242,2.075,479.8-796.25,9.71,1.35361,11364556,11406480,"Meta Platforms, Inc.",USD,0001326801,US30303M1027,30303M102,NASDAQ Global Select,NASDAQ,Internet Content & Information,https://investor.fb.com,Mark Elliot Zuckerberg,Communication Services,US,76834,650 543 4800,1601 Willow Road,Menlo Park,CA,94025,https://images.financialmodelingprep.com/symbol/META.png,2012-05-18,,,,,,,,,,,,,,,,,,,,,,,,,,,,,,,,,,,,,,,,,,,,,,,,,,,,,,,,,,,,,,,,,,,,,,,,,,,,,,,,,,,,,,,,,,,,,,,,,,,,,,,,,,,,,,,,,,,,,,,,,,,,,,,,,,,,,,,,,,,,,,,,,,,,,,,,,,,,,,,,,,,,,,,,,,,,,,,,,,,,,,,,,,,,,,,,,,,6623722233.954669,,6623722233.954669
2020-10-13,277.58,279.1,273.39,276.14,18063343,-1.44,-0.51877,276.5525,META,727.05,1826491406013,1.242,2.075,479.8-796.25,9.71,1.35361,11364556,11406480,"Meta Platforms, Inc.",USD,0001326801,US30303M1027,30303M102,NASDAQ Global Select,NASDAQ,Internet Content & Information,https://investor.fb.com,Mark Elliot Zuckerberg,Communication Services,US,76834,650 543 4800,1601 Willow Road,Menlo Park,CA,94025,https://images.financialmodelingprep.com/symbol/META.png,2012-05-18,,,,,,,,,,,,,,,,,,,,,,,,,,,,,,,,,,,,,,,,,,,,,,,,,,,,,,,,,,,,,,,,,,,,,,,,,,,,,,,,,,,,,,,,,,,,,,,,,,,,,,,,,,,,,,,,,,,,,,,,,,,,,,,,,,,,,,,,,,,,,,,,,,,,,,,,,,,,,,,,,,,,,,,,,,,,,,,,,,,,,,,,,,,,,,,,,,,6614367371.670168,,6614367371.670168
2020-10-14,277.62,278.75,271.5,271.82,15601154,-5.8,-2.09,274.9225,META,727.05,1826491406013,1.242,2.075,479.8-796.25,9.71,1.35361,11364556,11406480,"Meta Platforms, Inc.",USD,0001326801,US30303M1027,30303M102,NASDAQ Global Select,NASDAQ,Internet Content & Information,https://investor.fb.com,Mark Elliot Zuckerberg,Communication Services,US,76834,650 543 4800,1601 Willow Road,Menlo Park,CA,94025,https://images.financialmodelingprep.com/symbol/META.png,2012-05-18,,,,,,,,,,,,,,,,,,,,,,,,,,,,,,,,,,,,,,,,,,,,,,,,,,,,,,,,,,,,,,,,,,,,,,,,,,,,,,,,,,,,,,,,,,,,,,,,,,,,,,,,,,,,,,,,,,,,,,,,,,,,,,,,,,,,,,,,,,,,,,,,,,,,,,,,,,,,,,,,,,,,,,,,,,,,,,,,,,,,,,,,,,,,,,,,,,,6719488654.304319,,6719488654.304319
2020-10-15,267.6,269.04,263.67,266.72,15416100,-0.88,-0.32885,266.7575,META,727.05,1826491406013,1.242,2.075,479.8-796.25,9.71,1.35361,11364556,11406480,"Meta Platforms, Inc.",USD,0001326801,US30303M1027,30303M102,NASDAQ Global Select,NASDAQ,Internet Content & Information,https://investor.fb.com,Mark Elliot Zuckerberg,Communication Services,US,76834,650 543 4800,1601 Willow Road,Menlo Park,CA,94025,https://images.financialmodelingprep.com/symbol/META.png,2012-05-18,,,,,,,,,,,,,,,,,,,,,,,,,,,,,,,,,,,,,,,,,,,,,,,,,,,,,,,,,,,,,,,,,,,,,,,,,,,,,,,,,,,,,,,,,,,,,,,,,,,,,,,,,,,,,,,,,,,,,,,,,,,,,,,,,,,,,,,,,,,,,,,,,,,,,,,,,,,,,,,,,,,,,,,,,,,,,,,,,,,,,,,,,,,,,,,,,,,6847973177.913167,,6847973177.913167
2020-10-16,267.38,271.37,265.3,265.93,16622702,-1.44,-0.5423,267.495,META,727.05,1826491406013,1.242,2.075,479.8-796.25,9.71,1.35361,11364556,11406480,"Meta Platforms, Inc.",USD,0001326801,US30303M1027,30303M102,NASDAQ Global Select,NASDAQ,Internet Content & Information,https://investor.fb.com,Mark Elliot Zuckerberg,Communication Services,US,76834,650 543 4800,1601 Willow Road,Menlo Park,CA,94025,https://images.financialmodelingprep.com/symbol/META.png,2012-05-18,,,,,,,,,,,,,,,,,,,,,,,,,,,,,,,,,,,,,,,,,,,,,,,,,,,,,,,,,,,,,,,,,,,,,,,,,,,,,,,,,,,,,,,,,,,,,,,,,,,,,,,,,,,,,,,,,,,,,,,,,,,,,,,,,,,,,,,,,,,,,,,,,,,,,,,,,,,,,,,,,,,,,,,,,,,,,,,,,,,,,,,,,,,,,,,,,,,6868316496.871357,,6868316496.871357
2020-10-19,265.53,268.55,259.88,261.4,13587000,-4.13,-1.56,263.84,META,727.05,1826491406013,1.242,2.075,479.8-796.25,9.71,1.35361,11364556,11406480,"Meta Platforms, Inc.",USD,0001326801,US30303M1027,30303M102,NASDAQ Global Select,NASDAQ,Internet Content & Information,https://investor.fb.com,Mark Elliot Zuckerberg,Communication Services,US,76834,650 543 4800,1601 Willow Road,Menlo Park,CA,94025,https://images.financialmodelingprep.com/symbol/META.png,2012-05-18,,,,,,,,,,,,,,,,,,,,,,,,,,,,,,,,,,,,,,,,,,,,,,,,,,,,,,,,,,,,,,,,,,,,,,,,,,,,,,,,,,,,,,,,,,,,,,,,,,,,,,,,,,,,,,,,,,,,,,,,,,,,,,,,,,,,,,,,,,,,,,,,,,,,,,,,,,,,,,,,,,,,,,,,,,,,,,,,,,,,,,,,,,,,,,,,,,,6987342792.704668,,6987342792.704668
2020-10-20,263.06,269.7,262.88,267.56,18763246,4.5,1.71,265.8,META,727.05,1826491406013,1.242,2.075,479.8-796.25,9.71,1.35361,11364556,11406480,"Meta Platforms, Inc.",USD,0001326801,US30303M1027,30303M102,NASDAQ Global Select,NASDAQ,Internet Content & Information,https://investor.fb.com,Mark Elliot Zuckerberg,Communication Services,US,76834,650 543 4800,1601 Willow Road,Menlo Park,CA,94025,https://images.financialmodelingprep.com/symbol/META.png,2012-05-18,,,,,,,,,,,,,,,,,,,,,,,,,,,,,,,,,,,,,,,,,,,,,,,,,,,,,,,,,,,,,,,,,,,,,,,,,,,,,,,,,,,,,,,,,,,,,,,,,,,,,,,,,,,,,,,,,,,,,,,,,,,,,,,,,,,,,,,,,,,,,,,,,,,,,,,,,,,,,,,,,,,,,,,,,,,,,,,,,,,,,,,,,,,,,,,,,,,6826474084.366123,,6826474084.366123
2020-10-21,279.56,283.05,276.37,278.73,28998638,-0.83,-0.2969,279.4275,META,727.05,1826491406013,1.242,2.075,479.8-796.25,9.71,1.35361,11364556,11406480,"Meta Platforms, Inc.",USD,0001326801,US30303M1027,30303M102,NASDAQ Global Select,NASDAQ,Internet Content & Information,https://investor.fb.com,Mark Elliot Zuckerberg,Communication Services,US,76834,650 543 4800,1601 Willow Road,Menlo Park,CA,94025,https://images.financialmodelingprep.com/symbol/META.png,2012-05-18,,,,,,,,,,,,,,,,,,,,,,,,,,,,,,,,,,,,,,,,,,,,,,,,,,,,,,,,,,,,,,,,,,,,,,,,,,,,,,,,,,,,,,,,,,,,,,,,,,,,,,,,,,,,,,,,,,,,,,,,,,,,,,,,,,,,,,,,,,,,,,,,,,,,,,,,,,,,,,,,,,,,,,,,,,,,,,,,,,,,,,,,,,,,,,,,,,,6552905700.9041,,6552905700.9041
2020-10-22,279.87,282.45,275.04,278.12,16720026,-1.75,-0.62529,278.87,META,727.05,1826491406013,1.242,2.075,479.8-796.25,9.71,1.35361,11364556,11406480,"Meta Platforms, Inc.",USD,0001326801,US30303M1027,30303M102,NASDAQ Global Select,NASDAQ,Internet Content & Information,https://investor.fb.com,Mark Elliot Zuckerberg,Communication Services,US,76834,650 543 4800,1601 Willow Road,Menlo Park,CA,94025,https://images.financialmodelingprep.com/symbol/META.png,2012-05-18,,,,,,,,,,,,,,,,,,,,,,,,,,,,,,,,,,,,,,,,,,,,,,,,,,,,,,,,,,,,,,,,,,,,,,,,,,,,,,,,,,,,,,,,,,,,,,,,,,,,,,,,,,,,,,,,,,,,,,,,,,,,,,,,,,,,,,,,,,,,,,,,,,,,,,,,,,,,,,,,,,,,,,,,,,,,,,,,,,,,,,,,,,,,,,,,,,,6567278174.93528,,6567278174.93528
2020-10-23,278.8,285.24,276.82,284.79,17535200,5.99,2.15,281.4125,META,727.05,1826491406013,1.242,2.075,479.8-796.25,9.71,1.35361,11364556,11406480,"Meta Platforms, Inc.",USD,0001326801,US30303M1027,30303M102,NASDAQ Global Select,NASDAQ,Internet Content & Information,https://investor.fb.com,Mark Elliot Zuckerberg,Communication Services,US,76834,650 543 4800,1601 Willow Road,Menlo Park,CA,94025,https://images.financialmodelingprep.com/symbol/META.png,2012-05-18,,,,,,,,,,,,,,,,,,,,,,,,,,,,,,,,,,,,,,,,,,,,,,,,,,,,,,,,,,,,,,,,,,,,,,,,,,,,,,,,,,,,,,,,,,,,,,,,,,,,,,,,,,,,,,,,,,,,,,,,,,,,,,,,,,,,,,,,,,,,,,,,,,,,,,,,,,,,,,,,,,,,,,,,,,,,,,,,,,,,,,,,,,,,,,,,,,,6413467488.370378,,6413467488.370378
2020-10-26,283.16,285.23,274.26,277.11,21322925,-6.05,-2.14,279.94,META,727.05,1826491406013,1.242,2.075,479.8-796.25,9.71,1.35361,11364556,11406480,"Meta Platforms, Inc.",USD,0001326801,US30303M1027,30303M102,NASDAQ Global Select,NASDAQ,Internet Content & Information,https://investor.fb.com,Mark Elliot Zuckerberg,Communication Services,US,76834,650 543 4800,1601 Willow Road,Menlo Park,CA,94025,https://images.financialmodelingprep.com/symbol/META.png,2012-05-18,,,,,,,,,,,,,,,,,,,,,,,,,,,,,,,,,,,,,,,,,,,,,,,,,,,,,,,,,,,,,,,,,,,,,,,,,,,,,,,,,,,,,,,,,,,,,,,,,,,,,,,,,,,,,,,,,,,,,,,,,,,,,,,,,,,,,,,,,,,,,,,,,,,,,,,,,,,,,,,,,,,,,,,,,,,,,,,,,,,,,,,,,,,,,,,,,,,6591214340.922377,,6591214340.922377
2020-10-27,278.76,284.51,276.31,283.29,16287249,4.53,1.63,280.7175,META,727.05,1826491406013,1.242,2.075,479.8-796.25,9.71,1.35361,11364556,11406480,"Meta Platforms, Inc.",USD,0001326801,US30303M1027,30303M102,NASDAQ Global Select,NASDAQ,Internet Content & Information,https://investor.fb.com,Mark Elliot Zuckerberg,Communication Services,US,76834,650 543 4800,1601 Willow Road,Menlo Park,CA,94025,https://images.financialmodelingprep.com/symbol/META.png,2012-05-18,,,,,,,,,,,,,,,,,,,,,,,,,,,,,,,,,,,,,,,,,,,,,,,,,,,,,,,,,,,,,,,,,,,,,,,,,,,,,,,,,,,,,,,,,,,,,,,,,,,,,,,,,,,,,,,,,,,,,,,,,,,,,,,,,,,,,,,,,,,,,,,,,,,,,,,,,,,,,,,,,,,,,,,,,,,,,,,,,,,,,,,,,,,,,,,,,,,6447426333.485121,,6447426333.485121
2020-10-28,278.79,278.79,267.26,267.67,23121808,-11.12,-3.99,273.1275,META,727.05,1826491406013,1.242,2.075,479.8-796.25,9.71,1.35361,11364556,11406480,"Meta Platforms, Inc.",USD,0001326801,US30303M1027,30303M102,NASDAQ Global Select,NASDAQ,Internet Content & Information,https://investor.fb.com,Mark Elliot Zuckerberg,Communication Services,US,76834,650 543 4800,1601 Willow Road,Menlo Park,CA,94025,https://images.financialmodelingprep.com/symbol/META.png,2012-05-18,,,,,,,,,,,,,,,,,,,,,,,,,,,,,,,,,,,,,,,,,,,,,,,,,,,,,,,,,,,,,,,,,,,,,,,,,,,,,,,,,,,,,,,,,,,,,,,,,,,,,,,,,,,,,,,,,,,,,,,,,,,,,,,,,,,,,,,,,,,,,,,,,,,,,,,,,,,,,,,,,,,,,,,,,,,,,,,,,,,,,,,,,,,,,,,,,,,6823668718.993536,,6823668718.993536
2020-10-29,276.55,283.6,273.78,280.83,32368118,4.28,1.55,278.69,META,727.05,1826491406013,1.242,2.075,479.8-796.25,9.71,1.35361,11364556,11406480,"Meta Platforms, Inc.",USD,0001326801,US30303M1027,30303M102,NASDAQ Global Select,NASDAQ,Internet Content & Information,https://investor.fb.com,Mark Elliot Zuckerberg,Communication Services,US,76834,650 543 4800,1601 Willow Road,Menlo Park,CA,94025,https://images.financialmodelingprep.com/symbol/META.png,2012-05-18,,,,,,,,,,,,,,,,,,,,,,,,,,,,,,,,,,,,,,,,,,,,,,,,,,,,,,,,,,,,,,,,,,,,,,,,,,,,,,,,,,,,,,,,,,,,,,,,,,,,,,,,,,,,,,,,,,,,,,,,,,,,,,,,,,,,,,,,,,,,,,,,,,,,,,,,,,,,,,,,,,,,,,,,,,,,,,,,,,,,,,,,,,,,,,,,,,,6503904162.706976,,6503904162.706976
2020-10-30,274.5,276.7,259.1,263.11,47299002,-11.39,-4.15,268.3525,META,727.05,1826491406013,1.242,2.075,479.8-796.25,9.71,1.35361,11364556,11406480,"Meta Platforms, Inc.",USD,0001326801,US30303M1027,30303M102,NASDAQ Global Select,NASDAQ,Internet Content & Information,https://investor.fb.com,Mark Elliot Zuckerberg,Communication Services,US,76834,650 543 4800,1601 Willow Road,Menlo Park,CA,94025,https://images.financialmodelingprep.com/symbol/META.png,2012-05-18,,,,,,,,,,,,,,,,,,,,,,,,,,,,,,,,,,,,,,,,,,,,,,,,,,,,,,,,,,,,,,,,,,,,,,,,,,,,,,,,,,,,,,,,,,,,,,,,,,,,,,,,,,,,,,,,,,,,,,,,,,,,,,,,,,,,,,,,,,,,,,,,,,,,,,,,,,,,,,,,,,,,,,,,,,,,,,,,,,,,,,,,,,,,,,,,,,,6941930774.250313,,6941930774.250313
2020-11-02,264.6,270.47,257.34,261.36,27165700,-3.24,-1.22,263.4425,META,727.05,1826491406013,1.242,2.075,479.8-796.25,9.71,1.35361,11364556,11406480,"Meta Platforms, Inc.",USD,0001326801,US30303M1027,30303M102,NASDAQ Global Select,NASDAQ,Internet Content & Information,https://investor.fb.com,Mark Elliot Zuckerberg,Communication Services,US,76834,650 543 4800,1601 Willow Road,Menlo Park,CA,94025,https://images.financialmodelingprep.com/symbol/META.png,2012-05-18,,,,,,,,,,,,,,,,,,,,,,,,,,,,,,,,,,,,,,,,,,,,,,,,,,,,,,,,,,,,,,,,,,,,,,,,,,,,,,,,,,,,,,,,,,,,,,,,,,,,,,,,,,,,,,,,,,,,,,,,,,,,,,,,,,,,,,,,,,,,,,,,,,,,,,,,,,,,,,,,,,,,,,,,,,,,,,,,,,,,,,,,,,,,,,,,,,,6988412174.827824,,6988412174.827824
2020-11-03,263.16,270.05,260.88,265.3,17961900,2.14,0.81319,264.8475,META,727.05,1826491406013,1.242,2.075,479.8-796.25,9.71,1.35361,11364556,11406480,"Meta Platforms, Inc.",USD,0001326801,US30303M1027,30303M102,NASDAQ Global Select,NASDAQ,Internet Content & Information,https://investor.fb.com,Mark Elliot Zuckerberg,Communication Services,US,76834,650 543 4800,1601 Willow Road,Menlo Park,CA,94025,https://images.financialmodelingprep.com/symbol/META.png,2012-05-18,,,,,,,,,,,,,,,,,,,,,,,,,,,,,,,,,,,,,,,,,,,,,,,,,,,,,,,,,,,,,,,,,,,,,,,,,,,,,,,,,,,,,,,,,,,,,,,,,,,,,,,,,,,,,,,,,,,,,,,,,,,,,,,,,,,,,,,,,,,,,,,,,,,,,,,,,,,,,,,,,,,,,,,,,,,,,,,,,,,,,,,,,,,,,,,,,,,6884626483.275537,,6884626483.275537
2020-11-04,281.0,288.94,278.62,287.38,35364424,6.38,2.27,283.985,META,727.05,1826491406013,1.242,2.075,479.8-796.25,9.71,1.35361,11364556,11406480,"Meta Platforms, Inc.",USD,0001326801,US30303M1027,30303M102,NASDAQ Global Select,NASDAQ,Internet Content & Information,https://investor.fb.com,Mark Elliot Zuckerberg,Communication Services,US,76834,650 543 4800,1601 Willow Road,Menlo Park,CA,94025,https://images.financialmodelingprep.com/symbol/META.png,2012-05-18,,,,,,,,,,,,,,,,,,,,,,,,,,,,,,,,,,,,,,,,,,,,,,,,,,,,,,,,,,,,,,,,,,,,,,,,,,,,,,,,,,,,,,,,,,,,,,,,,,,,,,,,,,,,,,,,,,,,,,,,,,,,,,,,,,,,,,,,,,,,,,,,,,,,,,,,,,,,,,,,,,,,,,,,,,,,,,,,,,,,,,,,,,,,,,,,,,,6355666386.015033,,6355666386.015033
2020-11-05,291.9,297.38,288.95,294.68,23823633,2.78,0.95238,293.2275,META,727.05,1826491406013,1.242,2.075,479.8-796.25,9.71,1.35361,11364556,11406480,"Meta Platforms, Inc.",USD,0001326801,US30303M1027,30303M102,NASDAQ Global Select,NASDAQ,Internet Content & Information,https://investor.fb.com,Mark Elliot Zuckerberg,Communication Services,US,76834,650 543 4800,1601 Willow Road,Menlo Park,CA,94025,https://images.financialmodelingprep.com/symbol/META.png,2012-05-18,,,,,,,,,,,,,,,,,,,,,,,,,,,,,,,,,,,,,,,,,,,,,,,,,,,,,,,,,,,,,,,,,,,,,,,,,,,,,,,,,,,,,,,,,,,,,,,,,,,,,,,,,,,,,,,,,,,,,,,,,,,,,,,,,,,,,,,,,,,,,,,,,,,,,,,,,,,,,,,,,,,,,,,,,,,,,,,,,,,,,,,,,,,,,,,,,,,6198219784.216778,,6198219784.216778
2020-11-06,293.95,294.6,288.06,293.41,13891000,-0.54,-0.1837,292.505,META,727.05,1826491406013,1.242,2.075,479.8-796.25,9.71,1.35361,11364556,11406480,"Meta Platforms, Inc.",USD,0001326801,US30303M1027,30303M102,NASDAQ Global Select,NASDAQ,Internet Content & Information,https://investor.fb.com,Mark Elliot Zuckerberg,Communication Services,US,76834,650 543 4800,1601 Willow Road,Menlo Park,CA,94025,https://images.financialmodelingprep.com/symbol/META.png,2012-05-18,,,,,,,,,,,,,,,,,,,,,,,,,,,,,,,,,,,,,,,,,,,,,,,,,,,,,,,,,,,,,,,,,,,,,,,,,,,,,,,,,,,,,,,,,,,,,,,,,,,,,,,,,,,,,,,,,,,,,,,,,,,,,,,,,,,,,,,,,,,,,,,,,,,,,,,,,,,,,,,,,,,,,,,,,,,,,,,,,,,,,,,,,,,,,,,,,,,6225048246.525339,,6225048246.525339
2020-11-09,289.87,292.58,278.53,278.77,25117700,-11.1,-3.83,284.9375,META,727.05,1826491406013,1.242,2.075,479.8-796.25,9.71,1.35361,11364556,11406480,"Meta Platforms, Inc.",USD,0001326801,US30303M1027,30303M102,NASDAQ Global Select,NASDAQ,Internet Content & Information,https://investor.fb.com,Mark Elliot Zuckerberg,Communication Services,US,76834,650 543 4800,1601 Willow Road,Menlo Park,CA,94025,https://images.financialmodelingprep.com/symbol/META.png,2012-05-18,,,,,,,,,,,,,,,,,,,,,,,,,,,,,,,,,,,,,,,,,,,,,,,,,,,,,,,,,,,,,,,,,,,,,,,,,,,,,,,,,,,,,,,,,,,,,,,,,,,,,,,,,,,,,,,,,,,,,,,,,,,,,,,,,,,,,,,,,,,,,,,,,,,,,,,,,,,,,,,,,,,,,,,,,,,,,,,,,,,,,,,,,,,,,,,,,,,6551965441.091223,,6551965441.091223
2020-11-10,273.1,274.0,264.0,272.43,29067700,-0.67,-0.24533,270.8825,META,727.05,1826491406013,1.242,2.075,479.8-796.25,9.71,1.35361,11364556,11406480,"Meta Platforms, Inc.",USD,0001326801,US30303M1027,30303M102,NASDAQ Global Select,NASDAQ,Internet Content & Information,https://investor.fb.com,Mark Elliot Zuckerberg,Communication Services,US,76834,650 543 4800,1601 Willow Road,Menlo Park,CA,94025,https://images.financialmodelingprep.com/symbol/META.png,2012-05-18,,,,,,,,,,,,,,,,,,,,,,,,,,,,,,,,,,,,,,,,,,,,,,,,,,,,,,,,,,,,,,,,,,,,,,,,,,,,,,,,,,,,,,,,,,,,,,,,,,,,,,,,,,,,,,,,,,,,,,,,,,,,,,,,,,,,,,,,,,,,,,,,,,,,,,,,,,,,,,,,,,,,,,,,,,,,,,,,,,,,,,,,,,,,,,,,,,,6704442998.249091,,6704442998.249091
2020-11-11,273.47,278.4,272.48,276.48,14957000,3.01,1.1,275.2075,META,727.05,1826491406013,1.242,2.075,479.8-796.25,9.71,1.35361,11364556,11406480,"Meta Platforms, Inc.",USD,0001326801,US30303M1027,30303M102,NASDAQ Global Select,NASDAQ,Internet Content & Information,https://investor.fb.com,Mark Elliot Zuckerberg,Communication Services,US,76834,650 543 4800,1601 Willow Road,Menlo Park,CA,94025,https://images.financialmodelingprep.com/symbol/META.png,2012-05-18,,,,,,,,,,,,,,,,,,,,,,,,,,,,,,,,,,,,,,,,,,,,,,,,,,,,,,,,,,,,,,,,,,,,,,,,,,,,,,,,,,,,,,,,,,,,,,,,,,,,,,,,,,,,,,,,,,,,,,,,,,,,,,,,,,,,,,,,,,,,,,,,,,,,,,,,,,,,,,,,,,,,,,,,,,,,,,,,,,,,,,,,,,,,,,,,,,,6606233384.016927,,6606233384.016927
2020-11-12,277.18,279.75,274.43,275.08,12914206,-2.1,-0.75763,276.61,META,727.05,1826491406013,1.242,2.075,479.8-796.25,9.71,1.35361,11364556,11406480,"Meta Platforms, Inc.",USD,0001326801,US30303M1027,30303M102,NASDAQ Global Select,NASDAQ,Internet Content & Information,https://investor.fb.com,Mark Elliot Zuckerberg,Communication Services,US,76834,650 543 4800,1601 Willow Road,Menlo Park,CA,94025,https://images.financialmodelingprep.com/symbol/META.png,2012-05-18,,,,,,,,,,,,,,,,,,,,,,,,,,,,,,,,,,,,,,,,,,,,,,,,,,,,,,,,,,,,,,,,,,,,,,,,,,,,,,,,,,,,,,,,,,,,,,,,,,,,,,,,,,,,,,,,,,,,,,,,,,,,,,,,,,,,,,,,,,,,,,,,,,,,,,,,,,,,,,,,,,,,,,,,,,,,,,,,,,,,,,,,,,,,,,,,,,,6639855336.676603,,6639855336.676603
2020-11-13,277.72,277.76,273.1,276.95,10400101,-0.77,-0.27726,276.3825,META,727.05,1826491406013,1.242,2.075,479.8-796.25,9.71,1.35361,11364556,11406480,"Meta Platforms, Inc.",USD,0001326801,US30303M1027,30303M102,NASDAQ Global Select,NASDAQ,Internet Content & Information,https://investor.fb.com,Mark Elliot Zuckerberg,Communication Services,US,76834,650 543 4800,1601 Willow Road,Menlo Park,CA,94025,https://images.financialmodelingprep.com/symbol/META.png,2012-05-18,,,,,,,,,,,,,,,,,,,,,,,,,,,,,,,,,,,,,,,,,,,,,,,,,,,,,,,,,,,,,,,,,,,,,,,,,,,,,,,,,,,,,,,,,,,,,,,,,,,,,,,,,,,,,,,,,,,,,,,,,,,,,,,,,,,,,,,,,,,,,,,,,,,,,,,,,,,,,,,,,,,,,,,,,,,,,,,,,,,,,,,,,,,,,,,,,,,6595022227.8859005,,6595022227.8859005
2020-11-16,275.05,279.41,274.63,278.96,12970400,3.91,1.42,277.0125,META,727.05,1826491406013,1.242,2.075,479.8-796.25,9.71,1.35361,11364556,11406480,"Meta Platforms, Inc.",USD,0001326801,US30303M1027,30303M102,NASDAQ Global Select,NASDAQ,Internet Content & Information,https://investor.fb.com,Mark Elliot Zuckerberg,Communication Services,US,76834,650 543 4800,1601 Willow Road,Menlo Park,CA,94025,https://images.financialmodelingprep.com/symbol/META.png,2012-05-18,,,,,,,,,,,,,,,,,,,,,,,,,,,,,,,,,,,,,,,,,,,,,,,,,,,,,,,,,,,,,,,,,,,,,,,,,,,,,,,,,,,,,,,,,,,,,,,,,,,,,,,,,,,,,,,,,,,,,,,,,,,,,,,,,,,,,,,,,,,,,,,,,,,,,,,,,,,,,,,,,,,,,,,,,,,,,,,,,,,,,,,,,,,,,,,,,,,6547502889.349728,,6547502889.349728
2020-11-17,277.68,277.68,273.29,275.0,15040300,-2.68,-0.96514,275.9125,META,727.05,1826491406013,1.242,2.075,479.8-796.25,9.71,1.35361,11364556,11406480,"Meta Platforms, Inc.",USD,0001326801,US30303M1027,30303M102,NASDAQ Global Select,NASDAQ,Internet Content & Information,https://investor.fb.com,Mark Elliot Zuckerberg,Communication Services,US,76834,650 543 4800,1601 Willow Road,Menlo Park,CA,94025,https://images.financialmodelingprep.com/symbol/META.png,2012-05-18,,,,,,,,,,,,,,,,,,,,,,,,,,,,,,,,,,,,,,,,,,,,,,,,,,,,,,,,,,,,,,,,,,,,,,,,,,,,,,,,,,,,,,,,,,,,,,,,,,,,,,,,,,,,,,,,,,,,,,,,,,,,,,,,,,,,,,,,,,,,,,,,,,,,,,,,,,,,,,,,,,,,,,,,,,,,,,,,,,,,,,,,,,,,,,,,,,,6641786930.956364,,6641786930.956364
2020-11-18,274.52,277.39,271.84,271.97,12152945,-2.55,-0.92889,273.93,META,727.05,1826491406013,1.242,2.075,479.8-796.25,9.71,1.35361,11364556,11406480,"Meta Platforms, Inc.",USD,0001326801,US30303M1027,30303M102,NASDAQ Global Select,NASDAQ,Internet Content & Information,https://investor.fb.com,Mark Elliot Zuckerberg,Communication Services,US,76834,650 543 4800,1601 Willow Road,Menlo Park,CA,94025,https://images.financialmodelingprep.com/symbol/META.png,2012-05-18,,,,,,,,,,,,,,,,,,,,,,,,,,,,,,,,,,,,,,,,,,,,,,,,,,,,,,,,,,,,,,,,,,,,,,,,,,,,,,,,,,,,,,,,,,,,,,,,,,,,,,,,,,,,,,,,,,,,,,,,,,,,,,,,,,,,,,,,,,,,,,,,,,,,,,,,,,,,,,,,,,,,,,,,,,,,,,,,,,,,,,,,,,,,,,,,,,,6715782645.192484,,6715782645.192484
2020-11-19,271.02,273.47,269.19,272.94,12963700,1.92,0.70843,271.655,META,727.05,1826491406013,1.242,2.075,479.8-796.25,9.71,1.35361,11364556,11406480,"Meta Platforms, Inc.",USD,0001326801,US30303M1027,30303M102,NASDAQ Global Select,NASDAQ,Internet Content & Information,https://investor.fb.com,Mark Elliot Zuckerberg,Communication Services,US,76834,650 543 4800,1601 Willow Road,Menlo Park,CA,94025,https://images.financialmodelingprep.com/symbol/META.png,2012-05-18,,,,,,,,,,,,,,,,,,,,,,,,,,,,,,,,,,,,,,,,,,,,,,,,,,,,,,,,,,,,,,,,,,,,,,,,,,,,,,,,,,,,,,,,,,,,,,,,,,,,,,,,,,,,,,,,,,,,,,,,,,,,,,,,,,,,,,,,,,,,,,,,,,,,,,,,,,,,,,,,,,,,,,,,,,,,,,,,,,,,,,,,,,,,,,,,,,,6691915461.32117,,6691915461.32117
2020-11-20,272.56,273.0,269.41,269.7,18122412,-2.86,-1.05,271.1675,META,727.05,1826491406013,1.242,2.075,479.8-796.25,9.71,1.35361,11364556,11406480,"Meta Platforms, Inc.",USD,0001326801,US30303M1027,30303M102,NASDAQ Global Select,NASDAQ,Internet Content & Information,https://investor.fb.com,Mark Elliot Zuckerberg,Communication Services,US,76834,650 543 4800,1601 Willow Road,Menlo Park,CA,94025,https://images.financialmodelingprep.com/symbol/META.png,2012-05-18,,,,,,,,,,,,,,,,,,,,,,,,,,,,,,,,,,,,,,,,,,,,,,,,,,,,,,,,,,,,,,,,,,,,,,,,,,,,,,,,,,,,,,,,,,,,,,,,,,,,,,,,,,,,,,,,,,,,,,,,,,,,,,,,,,,,,,,,,,,,,,,,,,,,,,,,,,,,,,,,,,,,,,,,,,,,,,,,,,,,,,,,,,,,,,,,,,,6772307771.646274,,6772307771.646274
2020-11-23,270.89,270.95,264.53,268.43,20990800,-2.46,-0.90812,268.7,META,727.05,1826491406013,1.242,2.075,479.8-796.25,9.71,1.35361,11364556,11406480,"Meta Platforms, Inc.",USD,0001326801,US30303M1027,30303M102,NASDAQ Global Select,NASDAQ,Internet Content & Information,https://investor.fb.com,Mark Elliot Zuckerberg,Communication Services,US,76834,650 543 4800,1601 Willow Road,Menlo Park,CA,94025,https://images.financialmodelingprep.com/symbol/META.png,2012-05-18,,,,,,,,,,,,,,,,,,,,,,,,,,,,,,,,,,,,,,,,,,,,,,,,,,,,,,,,,,,,,,,,,,,,,,,,,,,,,,,,,,,,,,,,,,,,,,,,,,,,,,,,,,,,,,,,,,,,,,,,,,,,,,,,,,,,,,,,,,,,,,,,,,,,,,,,,,,,,,,,,,,,,,,,,,,,,,,,,,,,,,,,,,,,,,,,,,,6804349014.689118,,6804349014.689118
2020-11-24,268.49,277.82,267.87,276.92,16930424,8.43,3.14,272.775,META,727.05,1826491406013,1.242,2.075,479.8-796.25,9.71,1.35361,11364556,11406480,"Meta Platforms, Inc.",USD,0001326801,US30303M1027,30303M102,NASDAQ Global Select,NASDAQ,Internet Content & Information,https://investor.fb.com,Mark Elliot Zuckerberg,Communication Services,US,76834,650 543 4800,1601 Willow Road,Menlo Park,CA,94025,https://images.financialmodelingprep.com/symbol/META.png,2012-05-18,,,,,,,,,,,,,,,,,,,,,,,,,,,,,,,,,,,,,,,,,,,,,,,,,,,,,,,,,,,,,,,,,,,,,,,,,,,,,,,,,,,,,,,,,,,,,,,,,,,,,,,,,,,,,,,,,,,,,,,,,,,,,,,,,,,,,,,,,,,,,,,,,,,,,,,,,,,,,,,,,,,,,,,,,,,,,,,,,,,,,,,,,,,,,,,,,,,6595736696.565795,,6595736696.565795
2020-11-25,278.14,280.18,272.65,275.59,12467009,-2.55,-0.9168,276.64,META,727.05,1826491406013,1.242,2.075,479.8-796.25,9.71,1.35361,11364556,11406480,"Meta Platforms, Inc.",USD,0001326801,US30303M1027,30303M102,NASDAQ Global Select,NASDAQ,Internet Content & Information,https://investor.fb.com,Mark Elliot Zuckerberg,Communication Services,US,76834,650 543 4800,1601 Willow Road,Menlo Park,CA,94025,https://images.financialmodelingprep.com/symbol/META.png,2012-05-18,,,,,,,,,,,,,,,,,,,,,,,,,,,,,,,,,,,,,,,,,,,,,,,,,,,,,,,,,,,,,,,,,,,,,,,,,,,,,,,,,,,,,,,,,,,,,,,,,,,,,,,,,,,,,,,,,,,,,,,,,,,,,,,,,,,,,,,,,,,,,,,,,,,,,,,,,,,,,,,,,,,,,,,,,,,,,,,,,,,,,,,,,,,,,,,,,,,6627567785.5256,,6627567785.5256
2020-11-27,277.39,279.13,274.82,277.81,7808426,0.42,0.15141,277.2875,META,727.05,1826491406013,1.242,2.075,479.8-796.25,9.71,1.35361,11364556,11406480,"Meta Platforms, Inc.",USD,0001326801,US30303M1027,30303M102,NASDAQ Global Select,NASDAQ,Internet Content & Information,https://investor.fb.com,Mark Elliot Zuckerberg,Communication Services,US,76834,650 543 4800,1601 Willow Road,Menlo Park,CA,94025,https://images.financialmodelingprep.com/symbol/META.png,2012-05-18,,,,,,,,,,,,,,,,,,,,,,,,,,,,,,,,,,,,,,,,,,,,,,,,,,,,,,,,,,,,,,,,,,,,,,,,,,,,,,,,,,,,,,,,,,,,,,,,,,,,,,,,,,,,,,,,,,,,,,,,,,,,,,,,,,,,,,,,,,,,,,,,,,,,,,,,,,,,,,,,,,,,,,,,,,,,,,,,,,,,,,,,,,,,,,,,,,,6574606407.303553,,6574606407.303553
2020-11-30,276.03,277.7,271.01,276.97,16693336,0.94,0.34054,275.4275,META,727.05,1826491406013,1.242,2.075,479.8-796.25,9.71,1.35361,11364556,11406480,"Meta Platforms, Inc.",USD,0001326801,US30303M1027,30303M102,NASDAQ Global Select,NASDAQ,Internet Content & Information,https://investor.fb.com,Mark Elliot Zuckerberg,Communication Services,US,76834,650 543 4800,1601 Willow Road,Menlo Park,CA,94025,https://images.financialmodelingprep.com/symbol/META.png,2012-05-18,,,,,,,,,,,,,,,,,,,,,,,,,,,,,,,,,,,,,,,,,,,,,,,,,,,,,,,,,,,,,,,,,,,,,,,,,,,,,,,,,,,,,,,,,,,,,,,,,,,,,,,,,,,,,,,,,,,,,,,,,,,,,,,,,,,,,,,,,,,,,,,,,,,,,,,,,,,,,,,,,,,,,,,,,,,,,,,,,,,,,,,,,,,,,,,,,,,6594546001.418925,,6594546001.418925
2020-12-01,279.16,289.3,278.96,286.55,20777906,7.39,2.65,283.4925,META,727.05,1826491406013,1.242,2.075,479.8-796.25,9.71,1.35361,11364556,11406480,"Meta Platforms, Inc.",USD,0001326801,US30303M1027,30303M102,NASDAQ Global Select,NASDAQ,Internet Content & Information,https://investor.fb.com,Mark Elliot Zuckerberg,Communication Services,US,76834,650 543 4800,1601 Willow Road,Menlo Park,CA,94025,https://images.financialmodelingprep.com/symbol/META.png,2012-05-18,,,,,,,,,,,,,,,,,,,,,,,,,,,,,,,,,,,,,,,,,,,,,,,,,,,,,,,,,,,,,,,,,,,,,,,,,,,,,,,,,,,,,,,,,,,,,,,,,,,,,,,,,,,,,,,,,,,,,,,,,,,,,,,,,,,,,,,,,,,,,,,,,,,,,,,,,,,,,,,,,,,,,,,,,,,,,,,,,,,,,,,,,,,,,,,,,,,6374075749.478276,,6374075749.478276
2020-12-02,285.36,291.78,280.83,287.52,17361624,2.16,0.75694,286.3725,META,727.05,1826491406013,1.242,2.075,479.8-796.25,9.71,1.35361,11364556,11406480,"Meta Platforms, Inc.",USD,0001326801,US30303M1027,30303M102,NASDAQ Global Select,NASDAQ,Internet Content & Information,https://investor.fb.com,Mark Elliot Zuckerberg,Communication Services,US,76834,650 543 4800,1601 Willow Road,Menlo Park,CA,94025,https://images.financialmodelingprep.com/symbol/META.png,2012-05-18,,,,,,,,,,,,,,,,,,,,,,,,,,,,,,,,,,,,,,,,,,,,,,,,,,,,,,,,,,,,,,,,,,,,,,,,,,,,,,,,,,,,,,,,,,,,,,,,,,,,,,,,,,,,,,,,,,,,,,,,,,,,,,,,,,,,,,,,,,,,,,,,,,,,,,,,,,,,,,,,,,,,,,,,,,,,,,,,,,,,,,,,,,,,,,,,,,,6352571668.103089,,6352571668.103089
2020-12-03,286.25,286.65,281.07,281.85,12921700,-4.4,-1.54,283.955,META,727.05,1826491406013,1.242,2.075,479.8-796.25,9.71,1.35361,11364556,11406480,"Meta Platforms, Inc.",USD,0001326801,US30303M1027,30303M102,NASDAQ Global Select,NASDAQ,Internet Content & Information,https://investor.fb.com,Mark Elliot Zuckerberg,Communication Services,US,76834,650 543 4800,1601 Willow Road,Menlo Park,CA,94025,https://images.financialmodelingprep.com/symbol/META.png,2012-05-18,,,,,,,,,,,,,,,,,,,,,,,,,,,,,,,,,,,,,,,,,,,,,,,,,,,,,,,,,,,,,,,,,,,,,,,,,,,,,,,,,,,,,,,,,,,,,,,,,,,,,,,,,,,,,,,,,,,,,,,,,,,,,,,,,,,,,,,,,,,,,,,,,,,,,,,,,,,,,,,,,,,,,,,,,,,,,,,,,,,,,,,,,,,,,,,,,,,6480366883.139968,,6480366883.139968
2020-12-04,280.3,283.46,279.3,279.7,10880300,-0.6,-0.21406,280.69,META,727.05,1826491406013,1.242,2.075,479.8-796.25,9.71,1.35361,11364556,11406480,"Meta Platforms, Inc.",USD,0001326801,US30303M1027,30303M102,NASDAQ Global Select,NASDAQ,Internet Content & Information,https://investor.fb.com,Mark Elliot Zuckerberg,Communication Services,US,76834,650 543 4800,1601 Willow Road,Menlo Park,CA,94025,https://images.financialmodelingprep.com/symbol/META.png,2012-05-18,,,,,,,,,,,,,,,,,,,,,,,,,,,,,,,,,,,,,,,,,,,,,,,,,,,,,,,,,,,,,,,,,,,,,,,,,,,,,,,,,,,,,,,,,,,,,,,,,,,,,,,,,,,,,,,,,,,,,,,,,,,,,,,,,,,,,,,,,,,,,,,,,,,,,,,,,,,,,,,,,,,,,,,,,,,,,,,,,,,,,,,,,,,,,,,,,,,6530180214.562031,,6530180214.562031
2020-12-07,279.19,288.49,278.2,285.58,13007700,6.39,2.29,282.865,META,727.05,1826491406013,1.242,2.075,479.8-796.25,9.71,1.35361,11364556,11406480,"Meta Platforms, Inc.",USD,0001326801,US30303M1027,30303M102,NASDAQ Global Select,NASDAQ,Internet Content & Information,https://investor.fb.com,Mark Elliot Zuckerberg,Communication Services,US,76834,650 543 4800,1601 Willow Road,Menlo Park,CA,94025,https://images.financialmodelingprep.com/symbol/META.png,2012-05-18,,,,,,,,,,,,,,,,,,,,,,,,,,,,,,,,,,,,,,,,,,,,,,,,,,,,,,,,,,,,,,,,,,,,,,,,,,,,,,,,,,,,,,,,,,,,,,,,,,,,,,,,,,,,,,,,,,,,,,,,,,,,,,,,,,,,,,,,,,,,,,,,,,,,,,,,,,,,,,,,,,,,,,,,,,,,,,,,,,,,,,,,,,,,,,,,,,,6395725912.224246,,6395725912.224246
2020-12-08,286.01,286.43,281.55,283.4,10747700,-2.61,-0.91256,284.3475,META,727.05,1826491406013,1.242,2.075,479.8-796.25,9.71,1.35361,11364556,11406480,"Meta Platforms, Inc.",USD,0001326801,US30303M1027,30303M102,NASDAQ Global Select,NASDAQ,Internet Content & Information,https://investor.fb.com,Mark Elliot Zuckerberg,Communication Services,US,76834,650 543 4800,1601 Willow Road,Menlo Park,CA,94025,https://images.financialmodelingprep.com/symbol/META.png,2012-05-18,,,,,,,,,,,,,,,,,,,,,,,,,,,,,,,,,,,,,,,,,,,,,,,,,,,,,,,,,,,,,,,,,,,,,,,,,,,,,,,,,,,,,,,,,,,,,,,,,,,,,,,,,,,,,,,,,,,,,,,,,,,,,,,,,,,,,,,,,,,,,,,,,,,,,,,,,,,,,,,,,,,,,,,,,,,,,,,,,,,,,,,,,,,,,,,,,,,6444923803.85674,,6444923803.85674
2020-12-09,283.66,287.63,271.75,277.92,25189707,-5.74,-2.02,280.24,META,727.05,1826491406013,1.242,2.075,479.8-796.25,9.71,1.35361,11364556,11406480,"Meta Platforms, Inc.",USD,0001326801,US30303M1027,30303M102,NASDAQ Global Select,NASDAQ,Internet Content & Information,https://investor.fb.com,Mark Elliot Zuckerberg,Communication Services,US,76834,650 543 4800,1601 Willow Road,Menlo Park,CA,94025,https://images.financialmodelingprep.com/symbol/META.png,2012-05-18,,,,,,,,,,,,,,,,,,,,,,,,,,,,,,,,,,,,,,,,,,,,,,,,,,,,,,,,,,,,,,,,,,,,,,,,,,,,,,,,,,,,,,,,,,,,,,,,,,,,,,,,,,,,,,,,,,,,,,,,,,,,,,,,,,,,,,,,,,,,,,,,,,,,,,,,,,,,,,,,,,,,,,,,,,,,,,,,,,,,,,,,,,,,,,,,,,,6572004195.498704,,6572004195.498704
2020-12-10,275.54,278.73,271.86,277.12,20065100,1.58,0.57342,275.8125,META,727.05,1826491406013,1.242,2.075,479.8-796.25,9.71,1.35361,11364556,11406480,"Meta Platforms, Inc.",USD,0001326801,US30303M1027,30303M102,NASDAQ Global Select,NASDAQ,Internet Content & Information,https://investor.fb.com,Mark Elliot Zuckerberg,Communication Services,US,76834,650 543 4800,1601 Willow Road,Menlo Park,CA,94025,https://images.financialmodelingprep.com/symbol/META.png,2012-05-18,,,,,,,,,,,,,,,,,,,,,,,,,,,,,,,,,,,,,,,,,,,,,,,,,,,,,,,,,,,,,,,,,,,,,,,,,,,,,,,,,,,,,,,,,,,,,,,,,,,,,,,,,,,,,,,,,,,,,,,,,,,,,,,,,,,,,,,,,,,,,,,,,,,,,,,,,,,,,,,,,,,,,,,,,,,,,,,,,,,,,,,,,,,,,,,,,,,6590976493.984555,,6590976493.984555
2020-12-11,274.53,276.48,270.25,273.55,14391401,-0.98,-0.35697,273.7025,META,727.05,1826491406013,1.242,2.075,479.8-796.25,9.71,1.35361,11364556,11406480,"Meta Platforms, Inc.",USD,0001326801,US30303M1027,30303M102,NASDAQ Global Select,NASDAQ,Internet Content & Information,https://investor.fb.com,Mark Elliot Zuckerberg,Communication Services,US,76834,650 543 4800,1601 Willow Road,Menlo Park,CA,94025,https://images.financialmodelingprep.com/symbol/META.png,2012-05-18,,,,,,,,,,,,,,,,,,,,,,,,,,,,,,,,,,,,,,,,,,,,,,,,,,,,,,,,,,,,,,,,,,,,,,,,,,,,,,,,,,,,,,,,,,,,,,,,,,,,,,,,,,,,,,,,,,,,,,,,,,,,,,,,,,,,,,,,,,,,,,,,,,,,,,,,,,,,,,,,,,,,,,,,,,,,,,,,,,,,,,,,,,,,,,,,,,,6676992893.485651,,6676992893.485651
2020-12-14,273.37,277.22,271.56,274.19,16376900,0.8178,0.29996,274.085,META,727.05,1826491406013,1.242,2.075,479.8-796.25,9.71,1.35361,11364556,11406480,"Meta Platforms, Inc.",USD,0001326801,US30303M1027,30303M102,NASDAQ Global Select,NASDAQ,Internet Content & Information,https://investor.fb.com,Mark Elliot Zuckerberg,Communication Services,US,76834,650 543 4800,1601 Willow Road,Menlo Park,CA,94025,https://images.financialmodelingprep.com/symbol/META.png,2012-05-18,,,,,,,,,,,,,,,,,,,,,,,,,,,,,,,,,,,,,,,,,,,,,,,,,,,,,,,,,,,,,,,,,,,,,,,,,,,,,,,,,,,,,,,,,,,,,,,,,,,,,,,,,,,,,,,,,,,,,,,,,,,,,,,,,,,,,,,,,,,,,,,,,,,,,,,,,,,,,,,,,,,,,,,,,,,,,,,,,,,,,,,,,,,,,,,,,,,6661407804.854299,,6661407804.854299
2020-12-15,274.83,276.08,267.47,275.55,23979500,0.72,0.26198,273.4825,META,727.05,1826491406013,1.242,2.075,479.8-796.25,9.71,1.35361,11364556,11406480,"Meta Platforms, Inc.",USD,0001326801,US30303M1027,30303M102,NASDAQ Global Select,NASDAQ,Internet Content & Information,https://investor.fb.com,Mark Elliot Zuckerberg,Communication Services,US,76834,650 543 4800,1601 Willow Road,Menlo Park,CA,94025,https://images.financialmodelingprep.com/symbol/META.png,2012-05-18,,,,,,,,,,,,,,,,,,,,,,,,,,,,,,,,,,,,,,,,,,,,,,,,,,,,,,,,,,,,,,,,,,,,,,,,,,,,,,,,,,,,,,,,,,,,,,,,,,,,,,,,,,,,,,,,,,,,,,,,,,,,,,,,,,,,,,,,,,,,,,,,,,,,,,,,,,,,,,,,,,,,,,,,,,,,,,,,,,,,,,,,,,,,,,,,,,,6628529871.213936,,6628529871.213936
2020-12-16,274.76,277.86,272.51,275.67,15885000,0.91,0.3312,275.2,META,727.05,1826491406013,1.242,2.075,479.8-796.25,9.71,1.35361,11364556,11406480,"Meta Platforms, Inc.",USD,0001326801,US30303M1027,30303M102,NASDAQ Global Select,NASDAQ,Internet Content & Information,https://investor.fb.com,Mark Elliot Zuckerberg,Communication Services,US,76834,650 543 4800,1601 Willow Road,Menlo Park,CA,94025,https://images.financialmodelingprep.com/symbol/META.png,2012-05-18,,,,,,,,,,,,,,,,,,,,,,,,,,,,,,,,,,,,,,,,,,,,,,,,,,,,,,,,,,,,,,,,,,,,,,,,,,,,,,,,,,,,,,,,,,,,,,,,,,,,,,,,,,,,,,,,,,,,,,,,,,,,,,,,,,,,,,,,,,,,,,,,,,,,,,,,,,,,,,,,,,,,,,,,,,,,,,,,,,,,,,,,,,,,,,,,,,,6625644451.746654,,6625644451.746654
2020-12-17,277.07,280.44,273.61,274.48,16377844,-2.59,-0.93478,276.4,META,727.05,1826491406013,1.242,2.075,479.8-796.25,9.71,1.35361,11364556,11406480,"Meta Platforms, Inc.",USD,0001326801,US30303M1027,30303M102,NASDAQ Global Select,NASDAQ,Internet Content & Information,https://investor.fb.com,Mark Elliot Zuckerberg,Communication Services,US,76834,650 543 4800,1601 Willow Road,Menlo Park,CA,94025,https://images.financialmodelingprep.com/symbol/META.png,2012-05-18,,,,,,,,,,,,,,,,,,,,,,,,,,,,,,,,,,,,,,,,,,,,,,,,,,,,,,,,,,,,,,,,,,,,,,,,,,,,,,,,,,,,,,,,,,,,,,,,,,,,,,,,,,,,,,,,,,,,,,,,,,,,,,,,,,,,,,,,,,,,,,,,,,,,,,,,,,,,,,,,,,,,,,,,,,,,,,,,,,,,,,,,,,,,,,,,,,,6654369739.190469,,6654369739.190469
2020-12-18,275.77,278.0,271.14,276.4,26693249,0.625,0.22845,275.3275,META,727.05,1826491406013,1.242,2.075,479.8-796.25,9.71,1.35361,11364556,11406480,"Meta Platforms, Inc.",USD,0001326801,US30303M1027,30303M102,NASDAQ Global Select,NASDAQ,Internet Content & Information,https://investor.fb.com,Mark Elliot Zuckerberg,Communication Services,US,76834,650 543 4800,1601 Willow Road,Menlo Park,CA,94025,https://images.financialmodelingprep.com/symbol/META.png,2012-05-18,,,,,,,,,,,,,,,,,,,,,,,,,,,,,,,,,,,,,,,,,,,,,,,,,,,,,,,,,,,,,,,,,,,,,,,,,,,,,,,,,,,,,,,,,,,,,,,,,,,,,,,,,,,,,,,,,,,,,,,,,,,,,,,,,,,,,,,,,,,,,,,,,,,,,,,,,,,,,,,,,,,,,,,,,,,,,,,,,,,,,,,,,,,,,,,,,,,6608145463.143994,,6608145463.143994
2020-12-21,272.98,274.67,267.79,272.79,16553740,-0.188,-0.06960217,272.0575,META,727.05,1826491406013,1.242,2.075,479.8-796.25,9.71,1.35361,11364556,11406480,"Meta Platforms, Inc.",USD,0001326801,US30303M1027,30303M102,NASDAQ Global Select,NASDAQ,Internet Content & Information,https://investor.fb.com,Mark Elliot Zuckerberg,Communication Services,US,76834,650 543 4800,1601 Willow Road,Menlo Park,CA,94025,https://images.financialmodelingprep.com/symbol/META.png,2012-05-18,,,,,,,,,,,,,,,,,,,,,,,,,,,,,,,,,,,,,,,,,,,,,,,,,,,,,,,,,,,,,,,,,,,,,,,,,,,,,,,,,,,,,,,,,,,,,,,,,,,,,,,,,,,,,,,,,,,,,,,,,,,,,,,,,,,,,,,,,,,,,,,,,,,,,,,,,,,,,,,,,,,,,,,,,,,,,,,,,,,,,,,,,,,,,,,,,,,6695595168.492247,,6695595168.492247
2020-12-22,271.5,271.5,264.63,267.09,17334999,-4.41,-1.62,268.68,META,727.05,1826491406013,1.242,2.075,479.8-796.25,9.71,1.35361,11364556,11406480,"Meta Platforms, Inc.",USD,0001326801,US30303M1027,30303M102,NASDAQ Global Select,NASDAQ,Internet Content & Information,https://investor.fb.com,Mark Elliot Zuckerberg,Communication Services,US,76834,650 543 4800,1601 Willow Road,Menlo Park,CA,94025,https://images.financialmodelingprep.com/symbol/META.png,2012-05-18,,,,,,,,,,,,,,,,,,,,,,,,,,,,,,,,,,,,,,,,,,,,,,,,,,,,,,,,,,,,,,,,,,,,,,,,,,,,,,,,,,,,,,,,,,,,,,,,,,,,,,,,,,,,,,,,,,,,,,,,,,,,,,,,,,,,,,,,,,,,,,,,,,,,,,,,,,,,,,,,,,,,,,,,,,,,,,,,,,,,,,,,,,,,,,,,,,,6838486674.952264,,6838486674.952264
2020-12-23,266.89,272.17,266.23,268.11,14329038,1.22,0.45712,268.35,META,727.05,1826491406013,1.242,2.075,479.8-796.25,9.71,1.35361,11364556,11406480,"Meta Platforms, Inc.",USD,0001326801,US30303M1027,30303M102,NASDAQ Global Select,NASDAQ,Internet Content & Information,https://investor.fb.com,Mark Elliot Zuckerberg,Communication Services,US,76834,650 543 4800,1601 Willow Road,Menlo Park,CA,94025,https://images.financialmodelingprep.com/symbol/META.png,2012-05-18,,,,,,,,,,,,,,,,,,,,,,,,,,,,,,,,,,,,,,,,,,,,,,,,,,,,,,,,,,,,,,,,,,,,,,,,,,,,,,,,,,,,,,,,,,,,,,,,,,,,,,,,,,,,,,,,,,,,,,,,,,,,,,,,,,,,,,,,,,,,,,,,,,,,,,,,,,,,,,,,,,,,,,,,,,,,,,,,,,,,,,,,,,,,,,,,,,,6812470277.173548,,6812470277.173548
2020-12-24,268.88,270.4,266.2,267.4,6702033,-1.48,-0.55043,268.22,META,727.05,1826491406013,1.242,2.075,479.8-796.25,9.71,1.35361,11364556,11406480,"Meta Platforms, Inc.",USD,0001326801,US30303M1027,30303M102,NASDAQ Global Select,NASDAQ,Internet Content & Information,https://investor.fb.com,Mark Elliot Zuckerberg,Communication Services,US,76834,650 543 4800,1601 Willow Road,Menlo Park,CA,94025,https://images.financialmodelingprep.com/symbol/META.png,2012-05-18,,,,,,,,,,,,,,,,,,,,,,,,,,,,,,,,,,,,,,,,,,,,,,,,,,,,,,,,,,,,,,,,,,,,,,,,,,,,,,,,,,,,,,,,,,,,,,,,,,,,,,,,,,,,,,,,,,,,,,,,,,,,,,,,,,,,,,,,,,,,,,,,,,,,,,,,,,,,,,,,,,,,,,,,,,,,,,,,,,,,,,,,,,,,,,,,,,,6830558736.024683,,6830558736.024683
2020-12-28,268.74,277.3,265.66,277.0,23299707,8.26,3.07,272.175,META,727.05,1826491406013,1.242,2.075,479.8-796.25,9.71,1.35361,11364556,11406480,"Meta Platforms, Inc.",USD,0001326801,US30303M1027,30303M102,NASDAQ Global Select,NASDAQ,Internet Content & Information,https://investor.fb.com,Mark Elliot Zuckerberg,Communication Services,US,76834,650 543 4800,1601 Willow Road,Menlo Park,CA,94025,https://images.financialmodelingprep.com/symbol/META.png,2012-05-18,,,,,,,,,,,,,,,,,,,,,,,,,,,,,,,,,,,,,,,,,,,,,,,,,,,,,,,,,,,,,,,,,,,,,,,,,,,,,,,,,,,,,,,,,,,,,,,,,,,,,,,,,,,,,,,,,,,,,,,,,,,,,,,,,,,,,,,,,,,,,,,,,,,,,,,,,,,,,,,,,,,,,,,,,,,,,,,,,,,,,,,,,,,,,,,,,,,6593831790.66065,,6593831790.66065
2020-12-29,276.95,280.51,276.28,276.78,16383000,-0.17,-0.06138292,277.63,META,727.05,1826491406013,1.242,2.075,479.8-796.25,9.71,1.35361,11364556,11406480,"Meta Platforms, Inc.",USD,0001326801,US30303M1027,30303M102,NASDAQ Global Select,NASDAQ,Internet Content & Information,https://investor.fb.com,Mark Elliot Zuckerberg,Communication Services,US,76834,650 543 4800,1601 Willow Road,Menlo Park,CA,94025,https://images.financialmodelingprep.com/symbol/META.png,2012-05-18,,,,,,,,,,,,,,,,,,,,,,,,,,,,,,,,,,,,,,,,,,,,,,,,,,,,,,,,,,,,,,,,,,,,,,,,,,,,,,,,,,,,,,,,,,,,,,,,,,,,,,,,,,,,,,,,,,,,,,,,,,,,,,,,,,,,,,,,,,,,,,,,,,,,,,,,,,,,,,,,,,,,,,,,,,,,,,,,,,,,,,,,,,,,,,,,,,,6599072931.617169,,6599072931.617169
2020-12-30,277.95,278.08,271.71,271.87,11803800,-6.08,-2.19,274.9025,META,727.05,1826491406013,1.242,2.075,479.8-796.25,9.71,1.35361,11364556,11406480,"Meta Platforms, Inc.",USD,0001326801,US30303M1027,30303M102,NASDAQ Global Select,NASDAQ,Internet Content & Information,https://investor.fb.com,Mark Elliot Zuckerberg,Communication Services,US,76834,650 543 4800,1601 Willow Road,Menlo Park,CA,94025,https://images.financialmodelingprep.com/symbol/META.png,2012-05-18,,,,,,,,,,,,,,,,,,,,,,,,,,,,,,,,,,,,,,,,,,,,,,,,,,,,,,,,,,,,,,,,,,,,,,,,,,,,,,,,,,,,,,,,,,,,,,,,,,,,,,,,,,,,,,,,,,,,,,,,,,,,,,,,,,,,,,,,,,,,,,,,,,,,,,,,,,,,,,,,,,,,,,,,,,,,,,,,,,,,,,,,,,,,,,,,,,,6718252863.548755,,6718252863.548755
2020-12-31,272.0,277.09,269.81,273.16,12900408,1.16,0.42647,273.015,META,727.05,1826491406013,1.242,2.075,479.8-796.25,9.71,1.35361,11364556,11406480,"Meta Platforms, Inc.",USD,0001326801,US30303M1027,30303M102,NASDAQ Global Select,NASDAQ,Internet Content & Information,https://investor.fb.com,Mark Elliot Zuckerberg,Communication Services,US,76834,650 543 4800,1601 Willow Road,Menlo Park,CA,94025,https://images.financialmodelingprep.com/symbol/META.png,2012-05-18,,META,USD,0001326801,2021-01-28,2021-01-27 21:13:48,2020,FY,85965000000.0,16692000000.0,69273000000.0,18447000000.0,6564000000.0,11591000000.0,18155000000.0,0.0,36602000000.0,53294000000.0,672000000.0,672000000.0,0.0,6862000000.0,39533000000.0,32671000000.0,0.0,32671000000.0,509000000.0,33180000000.0,4034000000.0,29146000000.0,0.0,0.0,29146000000.0,0.0,29146000000.0,10.22,10.09,2851000000.0,2888000000.0,annual,META,USD,0001326801,2021-01-28,2021-01-27 21:13:48,2020,FY,17576000000.0,44378000000.0,61954000000.0,11335000000.0,11335000000.0,0.0,0.0,2140000000.0,241000000.0,75670000000.0,54981000000.0,19050000000.0,623000000.0,19673000000.0,6234000000.0,0.0,2758000000.0,83646000000.0,0.0,159316000000.0,4462000000.0,1331000000.0,3131000000.0,3036000000.0,0.0,1023000000.0,2038000000.0,382000000.0,6078000000.0,14981000000.0,0.0,9631000000.0,0.0,0.0,6414000000.0,16045000000.0,0.0,10654000000.0,31026000000.0,0.0,0.0,0.0,77345000000.0,50018000000.0,927000000.0,0.0,128290000000.0,128290000000.0,0.0,159316000000.0,50612000000.0,10654000000.0,-6922000000.0,annual,META,USD,0001326801,2021-01-28,2021-01-27 21:13:48,2020,FY,29146000000.0,6862000000.0,-1192000000.0,6536000000.0,-2723000000.0,-1512000000.0,-1302000000.0,-17000000.0,108000000.0,118000000.0,38747000000.0,-15115000000.0,-6749000000.0,-33930000000.0,25771000000.0,-36000000.0,-30059000000.0,-580000000.0,-604000000.0,24000000.0,-6272000000.0,-6272000000.0,0.0,-6272000000.0,0.0,0.0,0.0,0.0,-3440000000.0,-10292000000.0,279000000.0,-1325000000.0,17954000000.0,19279000000.0,38747000000.0,-15115000000.0,23632000000.0,4229000000.0,0.0,annual,META,2020,FY,USD,778779160000.0001,771857160000.0001,8.97873739312511,19.9204366789687,32.66152505077861,19.5243760908608,-0.1750942250777831,5.051064681930446,1.3294105537638097,101.7372336727217,13.82997193967029,0.8784207353827607,1.015579565975942,60689000000.0,135343000000.0,0.18294458811418815,0.22324491274103836,0.20871794504558053,0.22718840127835374,0.19743587450081987,0.22635535386427408,0.03742524389070709,0.030344931161229324,0.3900947170103492,2.2027105800058293,0.17582737160472287,0.07635665677892166,0.2145873320537428,0.07603094282556855,0.12348414471867232,10426500000.0,1347000000.0,0.0,48.127435584249405,29.104660915408576,0.0,48.127435584249405,19.022774668840828,30554000000.0,10928883845.69017,108617000000.0,44644000000.0,6686525867.670961,0.0,0.0
