date,open,high,low,close,volume,change,changePercent,vwap,profile_symbol,profile_price,profile_marketCap,profile_beta,profile_lastDividend,profile_range,profile_change,profile_changePercentage,profile_volume,profile_averageVolume,profile_companyName,profile_currency,profile_cik,profile_isin,profile_cusip,profile_exchangeFullName,profile_exchange,profile_industry,profile_website,profile_ceo,profile_sector,profile_country,profile_fullTimeEmployees,profile_phone,profile_address,profile_city,profile_state,profile_zip,profile_image,profile_ipoDate,split_numerator,split_denominator,dividend_amount,income_annual_symbol,income_annual_reportedCurrency,income_annual_cik,income_annual_filingDate,income_annual_acceptedDate,income_annual_fiscalYear,income_annual_period,income_annual_revenue,income_annual_costOfRevenue,income_annual_grossProfit,income_annual_researchAndDevelopmentExpenses,income_annual_generalAndAdministrativeExpenses,income_annual_sellingAndMarketingExpenses,income_annual_sellingGeneralAndAdministrativeExpenses,income_annual_otherExpenses,income_annual_operatingExpenses,income_annual_costAndExpenses,income_annual_netInterestIncome,income_annual_interestIncome,income_annual_interestExpense,income_annual_depreciationAndAmortization,income_annual_ebitda,income_annual_ebit,income_annual_nonOperatingIncomeExcludingInterest,income_annual_operatingIncome,income_annual_totalOtherIncomeExpensesNet,income_annual_incomeBeforeTax,income_annual_incomeTaxExpense,income_annual_netIncomeFromContinuingOperations,income_annual_netIncomeFromDiscontinuedOperations,income_annual_otherAdjustmentsToNetIncome,income_annual_netIncome,income_annual_netIncomeDeductions,income_annual_bottomLineNetIncome,income_annual_eps,income_annual_epsDiluted,income_annual_weightedAverageShsOut,income_annual_weightedAverageShsOutDil,income_annual_period_type,balance_annual_symbol,balance_annual_reportedCurrency,balance_annual_cik,balance_annual_filingDate,balance_annual_acceptedDate,balance_annual_fiscalYear,balance_annual_period,balance_annual_cashAndCashEquivalents,balance_annual_shortTermInvestments,balance_annual_cashAndShortTermInvestments,balance_annual_netReceivables,balance_annual_accountsReceivables,balance_annual_otherReceivables,balance_annual_inventory,balance_annual_prepaids,balance_annual_otherCurrentAssets,balance_annual_totalCurrentAssets,balance_annual_propertyPlantEquipmentNet,balance_annual_goodwill,balance_annual_intangibleAssets,balance_annual_goodwillAndIntangibleAssets,balance_annual_longTermInvestments,balance_annual_taxAssets,balance_annual_otherNonCurrentAssets,balance_annual_totalNonCurrentAssets,balance_annual_otherAssets,balance_annual_totalAssets,balance_annual_totalPayables,balance_annual_accountPayables,balance_annual_otherPayables,balance_annual_accruedExpenses,balance_annual_shortTermDebt,balance_annual_capitalLeaseObligationsCurrent,balance_annual_taxPayables,balance_annual_deferredRevenue,balance_annual_otherCurrentLiabilities,balance_annual_totalCurrentLiabilities,balance_annual_longTermDebt,balance_annual_capitalLeaseObligationsNonCurrent,balance_annual_deferredRevenueNonCurrent,balance_annual_deferredTaxLiabilitiesNonCurrent,balance_annual_otherNonCurrentLiabilities,balance_annual_totalNonCurrentLiabilities,balance_annual_otherLiabilities,balance_annual_capitalLeaseObligations,balance_annual_totalLiabilities,balance_annual_treasuryStock,balance_annual_preferredStock,balance_annual_commonStock,balance_annual_retainedEarnings,balance_annual_additionalPaidInCapital,balance_annual_accumulatedOtherComprehensiveIncomeLoss,balance_annual_otherTotalStockholdersEquity,balance_annual_totalStockholdersEquity,balance_annual_totalEquity,balance_annual_minorityInterest,balance_annual_totalLiabilitiesAndTotalEquity,balance_annual_totalInvestments,balance_annual_totalDebt,balance_annual_netDebt,balance_annual_period_type,cashflow_annual_symbol,cashflow_annual_reportedCurrency,cashflow_annual_cik,cashflow_annual_filingDate,cashflow_annual_acceptedDate,cashflow_annual_fiscalYear,cashflow_annual_period,cashflow_annual_netIncome,cashflow_annual_depreciationAndAmortization,cashflow_annual_deferredIncomeTax,cashflow_annual_stockBasedCompensation,cashflow_annual_changeInWorkingCapital,cashflow_annual_accountsReceivables,cashflow_annual_inventory,cashflow_annual_accountsPayables,cashflow_annual_otherWorkingCapital,cashflow_annual_otherNonCashItems,cashflow_annual_netCashProvidedByOperatingActivities,cashflow_annual_investmentsInPropertyPlantAndEquipment,cashflow_annual_acquisitionsNet,cashflow_annual_purchasesOfInvestments,cashflow_annual_salesMaturitiesOfInvestments,cashflow_annual_otherInvestingActivities,cashflow_annual_netCashProvidedByInvestingActivities,cashflow_annual_netDebtIssuance,cashflow_annual_longTermNetDebtIssuance,cashflow_annual_shortTermNetDebtIssuance,cashflow_annual_netStockIssuance,cashflow_annual_netCommonStockIssuance,cashflow_annual_commonStockIssuance,cashflow_annual_commonStockRepurchased,cashflow_annual_netPreferredStockIssuance,cashflow_annual_netDividendsPaid,cashflow_annual_commonDividendsPaid,cashflow_annual_preferredDividendsPaid,cashflow_annual_otherFinancingActivities,cashflow_annual_netCashProvidedByFinancingActivities,cashflow_annual_effectOfForexChangesOnCash,cashflow_annual_netChangeInCash,cashflow_annual_cashAtEndOfPeriod,cashflow_annual_cashAtBeginningOfPeriod,cashflow_annual_operatingCashFlow,cashflow_annual_capitalExpenditure,cashflow_annual_freeCashFlow,cashflow_annual_incomeTaxesPaid,cashflow_annual_interestPaid,cashflow_annual_period_type,metrics_annual_symbol,metrics_annual_fiscalYear,metrics_annual_period,metrics_annual_reportedCurrency,metrics_annual_marketCap,metrics_annual_enterpriseValue,metrics_annual_evToSales,metrics_annual_evToOperatingCashFlow,metrics_annual_evToFreeCashFlow,metrics_annual_evToEBITDA,metrics_annual_netDebtToEBITDA,metrics_annual_currentRatio,metrics_annual_incomeQuality,metrics_annual_grahamNumber,metrics_annual_grahamNetNet,metrics_annual_taxBurden,metrics_annual_interestBurden,metrics_annual_workingCapital,metrics_annual_investedCapital,metrics_annual_returnOnAssets,metrics_annual_operatingReturnOnAssets,metrics_annual_returnOnTangibleAssets,metrics_annual_returnOnEquity,metrics_annual_returnOnInvestedCapital,metrics_annual_returnOnCapitalEmployed,metrics_annual_earningsYield,metrics_annual_freeCashFlowYield,metrics_annual_capexToOperatingCashFlow,metrics_annual_capexToDepreciation,metrics_annual_capexToRevenue,metrics_annual_salesGeneralAndAdministrativeToRevenue,metrics_annual_researchAndDevelopementToRevenue,metrics_annual_stockBasedCompensationToRevenue,metrics_annual_intangiblesToTotalAssets,metrics_annual_averageReceivables,metrics_annual_averagePayables,metrics_annual_averageInventory,metrics_annual_daysOfSalesOutstanding,metrics_annual_daysOfPayablesOutstanding,metrics_annual_daysOfInventoryOutstanding,metrics_annual_operatingCycle,metrics_annual_cashConversionCycle,metrics_annual_freeCashFlowToEquity,metrics_annual_freeCashFlowToFirm,metrics_annual_tangibleAssetValue,metrics_annual_netCurrentAssetValue,market_derived_shares,reported_shares,weighted_shares_outstanding
2020-10-05,13.24,13.64,13.22,13.64,479820000,0.4065,3.02,13.435,NVDA,188.89,4598904830000,2.123,0.04,86.62-191.05,1.65,0.88122,133243953,172774233,NVIDIA Corporation,USD,0001045810,US67066G1040,67066G104,NASDAQ Global Select,NASDAQ,Semiconductors,https://www.nvidia.com,Jen-Hsun Huang,Technology,US,36000,408 486 2000,2788 San Tomas Expressway,Santa Clara,CA,95051,https://images.financialmodelingprep.com/symbol/NVDA.png,1999-01-22,,,,,,,,,,,,,,,,,,,,,,,,,,,,,,,,,,,,,,,,,,,,,,,,,,,,,,,,,,,,,,,,,,,,,,,,,,,,,,,,,,,,,,,,,,,,,,,,,,,,,,,,,,,,,,,,,,,,,,,,,,,,,,,,,,,,,,,,,,,,,,,,,,,,,,,,,,,,,,,,,,,,,,,,,,,,,,,,,,,,,,,,,,,,,,,,,,,,,337163110703.8123,,337163110703.8123
2020-10-06,13.83,14.14,13.67,13.74,784420000,-0.0935,-0.65076,13.845,NVDA,188.89,4598904830000,2.123,0.04,86.62-191.05,1.65,0.88122,133243953,172774233,NVIDIA Corporation,USD,0001045810,US67066G1040,67066G104,NASDAQ Global Select,NASDAQ,Semiconductors,https://www.nvidia.com,Jen-Hsun Huang,Technology,US,36000,408 486 2000,2788 San Tomas Expressway,Santa Clara,CA,95051,https://images.financialmodelingprep.com/symbol/NVDA.png,1999-01-22,,,,,,,,,,,,,,,,,,,,,,,,,,,,,,,,,,,,,,,,,,,,,,,,,,,,,,,,,,,,,,,,,,,,,,,,,,,,,,,,,,,,,,,,,,,,,,,,,,,,,,,,,,,,,,,,,,,,,,,,,,,,,,,,,,,,,,,,,,,,,,,,,,,,,,,,,,,,,,,,,,,,,,,,,,,,,,,,,,,,,,,,,,,,,,,,,,,,,334709230713.246,,334709230713.246
2020-10-07,14.0,14.12,13.86,13.96,418085160,-0.03575,-0.28571,13.985,NVDA,188.89,4598904830000,2.123,0.04,86.62-191.05,1.65,0.88122,133243953,172774233,NVIDIA Corporation,USD,0001045810,US67066G1040,67066G104,NASDAQ Global Select,NASDAQ,Semiconductors,https://www.nvidia.com,Jen-Hsun Huang,Technology,US,36000,408 486 2000,2788 San Tomas Expressway,Santa Clara,CA,95051,https://images.financialmodelingprep.com/symbol/NVDA.png,1999-01-22,,,,,,,,,,,,,,,,,,,,,,,,,,,,,,,,,,,,,,,,,,,,,,,,,,,,,,,,,,,,,,,,,,,,,,,,,,,,,,,,,,,,,,,,,,,,,,,,,,,,,,,,,,,,,,,,,,,,,,,,,,,,,,,,,,,,,,,,,,,,,,,,,,,,,,,,,,,,,,,,,,,,,,,,,,,,,,,,,,,,,,,,,,,,,,,,,,,,,329434443409.7421,,329434443409.7421
2020-10-08,14.08,14.08,13.76,13.84,378900880,-0.23625,-1.7,13.94,NVDA,188.89,4598904830000,2.123,0.04,86.62-191.05,1.65,0.88122,133243953,172774233,NVIDIA Corporation,USD,0001045810,US67066G1040,67066G104,NASDAQ Global Select,NASDAQ,Semiconductors,https://www.nvidia.com,Jen-Hsun Huang,Technology,US,36000,408 486 2000,2788 San Tomas Expressway,Santa Clara,CA,95051,https://images.financialmodelingprep.com/symbol/NVDA.png,1999-01-22,,,,,,,,,,,,,,,,,,,,,,,,,,,,,,,,,,,,,,,,,,,,,,,,,,,,,,,,,,,,,,,,,,,,,,,,,,,,,,,,,,,,,,,,,,,,,,,,,,,,,,,,,,,,,,,,,,,,,,,,,,,,,,,,,,,,,,,,,,,,,,,,,,,,,,,,,,,,,,,,,,,,,,,,,,,,,,,,,,,,,,,,,,,,,,,,,,,,,332290811416.185,,332290811416.185
2020-10-09,13.77,13.82,13.66,13.76,346892000,-0.00425,-0.07262164,13.7525,NVDA,188.89,4598904830000,2.123,0.04,86.62-191.05,1.65,0.88122,133243953,172774233,NVIDIA Corporation,USD,0001045810,US67066G1040,67066G104,NASDAQ Global Select,NASDAQ,Semiconductors,https://www.nvidia.com,Jen-Hsun Huang,Technology,US,36000,408 486 2000,2788 San Tomas Expressway,Santa Clara,CA,95051,https://images.financialmodelingprep.com/symbol/NVDA.png,1999-01-22,,,,,,,,,,,,,,,,,,,,,,,,,,,,,,,,,,,,,,,,,,,,,,,,,,,,,,,,,,,,,,,,,,,,,,,,,,,,,,,,,,,,,,,,,,,,,,,,,,,,,,,,,,,,,,,,,,,,,,,,,,,,,,,,,,,,,,,,,,,,,,,,,,,,,,,,,,,,,,,,,,,,,,,,,,,,,,,,,,,,,,,,,,,,,,,,,,,,,334222734738.3721,,334222734738.3721
2020-10-12,13.99,14.35,13.91,14.23,434744000,0.2365,1.72,14.12,NVDA,188.89,4598904830000,2.123,0.04,86.62-191.05,1.65,0.88122,133243953,172774233,NVIDIA Corporation,USD,0001045810,US67066G1040,67066G104,NASDAQ Global Select,NASDAQ,Semiconductors,https://www.nvidia.com,Jen-Hsun Huang,Technology,US,36000,408 486 2000,2788 San Tomas Expressway,Santa Clara,CA,95051,https://images.financialmodelingprep.com/symbol/NVDA.png,1999-01-22,,,,,,,,,,,,,,,,,,,,,,,,,,,,,,,,,,,,,,,,,,,,,,,,,,,,,,,,,,,,,,,,,,,,,,,,,,,,,,,,,,,,,,,,,,,,,,,,,,,,,,,,,,,,,,,,,,,,,,,,,,,,,,,,,,,,,,,,,,,,,,,,,,,,,,,,,,,,,,,,,,,,,,,,,,,,,,,,,,,,,,,,,,,,,,,,,,,,,323183754743.49963,,323183754743.49963
2020-10-13,14.3,14.35,14.02,14.25,344604000,-0.04825,-0.34965,14.23,NVDA,188.89,4598904830000,2.123,0.04,86.62-191.05,1.65,0.88122,133243953,172774233,NVIDIA Corporation,USD,0001045810,US67066G1040,67066G104,NASDAQ Global Select,NASDAQ,Semiconductors,https://www.nvidia.com,Jen-Hsun Huang,Technology,US,36000,408 486 2000,2788 San Tomas Expressway,Santa Clara,CA,95051,https://images.financialmodelingprep.com/symbol/NVDA.png,1999-01-22,,,,,,,,,,,,,,,,,,,,,,,,,,,,,,,,,,,,,,,,,,,,,,,,,,,,,,,,,,,,,,,,,,,,,,,,,,,,,,,,,,,,,,,,,,,,,,,,,,,,,,,,,,,,,,,,,,,,,,,,,,,,,,,,,,,,,,,,,,,,,,,,,,,,,,,,,,,,,,,,,,,,,,,,,,,,,,,,,,,,,,,,,,,,,,,,,,,,,322730163508.7719,,322730163508.7719
2020-10-14,14.29,14.34,13.96,14.1,276647120,-0.19525,-1.33,14.1725,NVDA,188.89,4598904830000,2.123,0.04,86.62-191.05,1.65,0.88122,133243953,172774233,NVIDIA Corporation,USD,0001045810,US67066G1040,67066G104,NASDAQ Global Select,NASDAQ,Semiconductors,https://www.nvidia.com,Jen-Hsun Huang,Technology,US,36000,408 486 2000,2788 San Tomas Expressway,Santa Clara,CA,95051,https://images.financialmodelingprep.com/symbol/NVDA.png,1999-01-22,,,,,,,,,,,,,,,,,,,,,,,,,,,,,,,,,,,,,,,,,,,,,,,,,,,,,,,,,,,,,,,,,,,,,,,,,,,,,,,,,,,,,,,,,,,,,,,,,,,,,,,,,,,,,,,,,,,,,,,,,,,,,,,,,,,,,,,,,,,,,,,,,,,,,,,,,,,,,,,,,,,,,,,,,,,,,,,,,,,,,,,,,,,,,,,,,,,,,326163463120.5674,,326163463120.5674
2020-10-15,13.81,14.01,13.77,13.97,267225120,0.15932,1.16,13.89,NVDA,188.89,4598904830000,2.123,0.04,86.62-191.05,1.65,0.88122,133243953,172774233,NVIDIA Corporation,USD,0001045810,US67066G1040,67066G104,NASDAQ Global Select,NASDAQ,Semiconductors,https://www.nvidia.com,Jen-Hsun Huang,Technology,US,36000,408 486 2000,2788 San Tomas Expressway,Santa Clara,CA,95051,https://images.financialmodelingprep.com/symbol/NVDA.png,1999-01-22,,,,,,,,,,,,,,,,,,,,,,,,,,,,,,,,,,,,,,,,,,,,,,,,,,,,,,,,,,,,,,,,,,,,,,,,,,,,,,,,,,,,,,,,,,,,,,,,,,,,,,,,,,,,,,,,,,,,,,,,,,,,,,,,,,,,,,,,,,,,,,,,,,,,,,,,,,,,,,,,,,,,,,,,,,,,,,,,,,,,,,,,,,,,,,,,,,,,,329198627773.80096,,329198627773.80096
2020-10-16,14.04,14.12,13.79,13.81,242639600,-0.22525,-1.64,13.94,NVDA,188.89,4598904830000,2.123,0.04,86.62-191.05,1.65,0.88122,133243953,172774233,NVIDIA Corporation,USD,0001045810,US67066G1040,67066G104,NASDAQ Global Select,NASDAQ,Semiconductors,https://www.nvidia.com,Jen-Hsun Huang,Technology,US,36000,408 486 2000,2788 San Tomas Expressway,Santa Clara,CA,95051,https://images.financialmodelingprep.com/symbol/NVDA.png,1999-01-22,,,,,,,,,,,,,,,,,,,,,,,,,,,,,,,,,,,,,,,,,,,,,,,,,,,,,,,,,,,,,,,,,,,,,,,,,,,,,,,,,,,,,,,,,,,,,,,,,,,,,,,,,,,,,,,,,,,,,,,,,,,,,,,,,,,,,,,,,,,,,,,,,,,,,,,,,,,,,,,,,,,,,,,,,,,,,,,,,,,,,,,,,,,,,,,,,,,,,333012659666.908,,333012659666.908
2020-10-19,13.9,13.98,13.41,13.5,298068560,-0.40512,-2.88,13.6975,NVDA,188.89,4598904830000,2.123,0.04,86.62-191.05,1.65,0.88122,133243953,172774233,NVIDIA Corporation,USD,0001045810,US67066G1040,67066G104,NASDAQ Global Select,NASDAQ,Semiconductors,https://www.nvidia.com,Jen-Hsun Huang,Technology,US,36000,408 486 2000,2788 San Tomas Expressway,Santa Clara,CA,95051,https://images.financialmodelingprep.com/symbol/NVDA.png,1999-01-22,,,,,,,,,,,,,,,,,,,,,,,,,,,,,,,,,,,,,,,,,,,,,,,,,,,,,,,,,,,,,,,,,,,,,,,,,,,,,,,,,,,,,,,,,,,,,,,,,,,,,,,,,,,,,,,,,,,,,,,,,,,,,,,,,,,,,,,,,,,,,,,,,,,,,,,,,,,,,,,,,,,,,,,,,,,,,,,,,,,,,,,,,,,,,,,,,,,,,340659617037.03705,,340659617037.03705
2020-10-20,13.58,13.8,13.51,13.65,229212040,0.062,0.51546,13.635,NVDA,188.89,4598904830000,2.123,0.04,86.62-191.05,1.65,0.88122,133243953,172774233,NVIDIA Corporation,USD,0001045810,US67066G1040,67066G104,NASDAQ Global Select,NASDAQ,Semiconductors,https://www.nvidia.com,Jen-Hsun Huang,Technology,US,36000,408 486 2000,2788 San Tomas Expressway,Santa Clara,CA,95051,https://images.financialmodelingprep.com/symbol/NVDA.png,1999-01-22,,,,,,,,,,,,,,,,,,,,,,,,,,,,,,,,,,,,,,,,,,,,,,,,,,,,,,,,,,,,,,,,,,,,,,,,,,,,,,,,,,,,,,,,,,,,,,,,,,,,,,,,,,,,,,,,,,,,,,,,,,,,,,,,,,,,,,,,,,,,,,,,,,,,,,,,,,,,,,,,,,,,,,,,,,,,,,,,,,,,,,,,,,,,,,,,,,,,,336916104761.9047,,336916104761.9047
2020-10-21,13.63,13.79,13.48,13.52,219597320,-0.10025,-0.80704,13.605,NVDA,188.89,4598904830000,2.123,0.04,86.62-191.05,1.65,0.88122,133243953,172774233,NVIDIA Corporation,USD,0001045810,US67066G1040,67066G104,NASDAQ Global Select,NASDAQ,Semiconductors,https://www.nvidia.com,Jen-Hsun Huang,Technology,US,36000,408 486 2000,2788 San Tomas Expressway,Santa Clara,CA,95051,https://images.financialmodelingprep.com/symbol/NVDA.png,1999-01-22,,,,,,,,,,,,,,,,,,,,,,,,,,,,,,,,,,,,,,,,,,,,,,,,,,,,,,,,,,,,,,,,,,,,,,,,,,,,,,,,,,,,,,,,,,,,,,,,,,,,,,,,,,,,,,,,,,,,,,,,,,,,,,,,,,,,,,,,,,,,,,,,,,,,,,,,,,,,,,,,,,,,,,,,,,,,,,,,,,,,,,,,,,,,,,,,,,,,,340155682692.3077,,340155682692.3077
2020-10-22,13.52,13.61,13.23,13.36,290480000,-0.1615,-1.18,13.43,NVDA,188.89,4598904830000,2.123,0.04,86.62-191.05,1.65,0.88122,133243953,172774233,NVIDIA Corporation,USD,0001045810,US67066G1040,67066G104,NASDAQ Global Select,NASDAQ,Semiconductors,https://www.nvidia.com,Jen-Hsun Huang,Technology,US,36000,408 486 2000,2788 San Tomas Expressway,Santa Clara,CA,95051,https://images.financialmodelingprep.com/symbol/NVDA.png,1999-01-22,,,,,,,,,,,,,,,,,,,,,,,,,,,,,,,,,,,,,,,,,,,,,,,,,,,,,,,,,,,,,,,,,,,,,,,,,,,,,,,,,,,,,,,,,,,,,,,,,,,,,,,,,,,,,,,,,,,,,,,,,,,,,,,,,,,,,,,,,,,,,,,,,,,,,,,,,,,,,,,,,,,,,,,,,,,,,,,,,,,,,,,,,,,,,,,,,,,,,344229403443.1138,,344229403443.1138
2020-10-23,13.45,13.59,13.29,13.59,233484280,0.14025,1.04,13.48,NVDA,188.89,4598904830000,2.123,0.04,86.62-191.05,1.65,0.88122,133243953,172774233,NVIDIA Corporation,USD,0001045810,US67066G1040,67066G104,NASDAQ Global Select,NASDAQ,Semiconductors,https://www.nvidia.com,Jen-Hsun Huang,Technology,US,36000,408 486 2000,2788 San Tomas Expressway,Santa Clara,CA,95051,https://images.financialmodelingprep.com/symbol/NVDA.png,1999-01-22,,,,,,,,,,,,,,,,,,,,,,,,,,,,,,,,,,,,,,,,,,,,,,,,,,,,,,,,,,,,,,,,,,,,,,,,,,,,,,,,,,,,,,,,,,,,,,,,,,,,,,,,,,,,,,,,,,,,,,,,,,,,,,,,,,,,,,,,,,,,,,,,,,,,,,,,,,,,,,,,,,,,,,,,,,,,,,,,,,,,,,,,,,,,,,,,,,,,,338403593083.14935,,338403593083.14935
2020-10-26,13.43,13.69,13.04,13.14,336896000,-0.28575,-2.16,13.325,NVDA,188.89,4598904830000,2.123,0.04,86.62-191.05,1.65,0.88122,133243953,172774233,NVIDIA Corporation,USD,0001045810,US67066G1040,67066G104,NASDAQ Global Select,NASDAQ,Semiconductors,https://www.nvidia.com,Jen-Hsun Huang,Technology,US,36000,408 486 2000,2788 San Tomas Expressway,Santa Clara,CA,95051,https://images.financialmodelingprep.com/symbol/NVDA.png,1999-01-22,,,,,,,,,,,,,,,,,,,,,,,,,,,,,,,,,,,,,,,,,,,,,,,,,,,,,,,,,,,,,,,,,,,,,,,,,,,,,,,,,,,,,,,,,,,,,,,,,,,,,,,,,,,,,,,,,,,,,,,,,,,,,,,,,,,,,,,,,,,,,,,,,,,,,,,,,,,,,,,,,,,,,,,,,,,,,,,,,,,,,,,,,,,,,,,,,,,,,349992757229.8326,,349992757229.8326
2020-10-27,13.31,13.44,13.19,13.4,250520000,0.09075,0.67618,13.335,NVDA,188.89,4598904830000,2.123,0.04,86.62-191.05,1.65,0.88122,133243953,172774233,NVIDIA Corporation,USD,0001045810,US67066G1040,67066G104,NASDAQ Global Select,NASDAQ,Semiconductors,https://www.nvidia.com,Jen-Hsun Huang,Technology,US,36000,408 486 2000,2788 San Tomas Expressway,Santa Clara,CA,95051,https://images.financialmodelingprep.com/symbol/NVDA.png,1999-01-22,,,,,,,,,,,,,,,,,,,,,,,,,,,,,,,,,,,,,,,,,,,,,,,,,,,,,,,,,,,,,,,,,,,,,,,,,,,,,,,,,,,,,,,,,,,,,,,,,,,,,,,,,,,,,,,,,,,,,,,,,,,,,,,,,,,,,,,,,,,,,,,,,,,,,,,,,,,,,,,,,,,,,,,,,,,,,,,,,,,,,,,,,,,,,,,,,,,,,343201852985.07465,,343201852985.07465
2020-10-28,13.2,13.26,12.61,12.63,376520000,-0.571,-4.32,12.925,NVDA,188.89,4598904830000,2.123,0.04,86.62-191.05,1.65,0.88122,133243953,172774233,NVIDIA Corporation,USD,0001045810,US67066G1040,67066G104,NASDAQ Global Select,NASDAQ,Semiconductors,https://www.nvidia.com,Jen-Hsun Huang,Technology,US,36000,408 486 2000,2788 San Tomas Expressway,Santa Clara,CA,95051,https://images.financialmodelingprep.com/symbol/NVDA.png,1999-01-22,,,,,,,,,,,,,,,,,,,,,,,,,,,,,,,,,,,,,,,,,,,,,,,,,,,,,,,,,,,,,,,,,,,,,,,,,,,,,,,,,,,,,,,,,,,,,,,,,,,,,,,,,,,,,,,,,,,,,,,,,,,,,,,,,,,,,,,,,,,,,,,,,,,,,,,,,,,,,,,,,,,,,,,,,,,,,,,,,,,,,,,,,,,,,,,,,,,,,364125481393.5075,,364125481393.5075
2020-10-29,12.84,13.19,12.75,13.02,320081840,0.1855,1.4,12.95,NVDA,188.89,4598904830000,2.123,0.04,86.62-191.05,1.65,0.88122,133243953,172774233,NVIDIA Corporation,USD,0001045810,US67066G1040,67066G104,NASDAQ Global Select,NASDAQ,Semiconductors,https://www.nvidia.com,Jen-Hsun Huang,Technology,US,36000,408 486 2000,2788 San Tomas Expressway,Santa Clara,CA,95051,https://images.financialmodelingprep.com/symbol/NVDA.png,1999-01-22,,,,,,,,,,,,,,,,,,,,,,,,,,,,,,,,,,,,,,,,,,,,,,,,,,,,,,,,,,,,,,,,,,,,,,,,,,,,,,,,,,,,,,,,,,,,,,,,,,,,,,,,,,,,,,,,,,,,,,,,,,,,,,,,,,,,,,,,,,,,,,,,,,,,,,,,,,,,,,,,,,,,,,,,,,,,,,,,,,,,,,,,,,,,,,,,,,,,,353218496927.8034,,353218496927.8034
2020-10-30,12.85,12.94,12.3,12.53,417396000,-0.316,-2.49,12.655,NVDA,188.89,4598904830000,2.123,0.04,86.62-191.05,1.65,0.88122,133243953,172774233,NVIDIA Corporation,USD,0001045810,US67066G1040,67066G104,NASDAQ Global Select,NASDAQ,Semiconductors,https://www.nvidia.com,Jen-Hsun Huang,Technology,US,36000,408 486 2000,2788 San Tomas Expressway,Santa Clara,CA,95051,https://images.financialmodelingprep.com/symbol/NVDA.png,1999-01-22,,,,,,,,,,,,,,,,,,,,,,,,,,,,,,,,,,,,,,,,,,,,,,,,,,,,,,,,,,,,,,,,,,,,,,,,,,,,,,,,,,,,,,,,,,,,,,,,,,,,,,,,,,,,,,,,,,,,,,,,,,,,,,,,,,,,,,,,,,,,,,,,,,,,,,,,,,,,,,,,,,,,,,,,,,,,,,,,,,,,,,,,,,,,,,,,,,,,,367031510774.1421,,367031510774.1421
2020-11-02,12.66,12.84,12.4,12.58,299652640,-0.077,-0.63191,12.62,NVDA,188.89,4598904830000,2.123,0.04,86.62-191.05,1.65,0.88122,133243953,172774233,NVIDIA Corporation,USD,0001045810,US67066G1040,67066G104,NASDAQ Global Select,NASDAQ,Semiconductors,https://www.nvidia.com,Jen-Hsun Huang,Technology,US,36000,408 486 2000,2788 San Tomas Expressway,Santa Clara,CA,95051,https://images.financialmodelingprep.com/symbol/NVDA.png,1999-01-22,,,,,,,,,,,,,,,,,,,,,,,,,,,,,,,,,,,,,,,,,,,,,,,,,,,,,,,,,,,,,,,,,,,,,,,,,,,,,,,,,,,,,,,,,,,,,,,,,,,,,,,,,,,,,,,,,,,,,,,,,,,,,,,,,,,,,,,,,,,,,,,,,,,,,,,,,,,,,,,,,,,,,,,,,,,,,,,,,,,,,,,,,,,,,,,,,,,,,365572720985.6916,,365572720985.6916
2020-11-03,12.71,13.11,12.6,13.02,272901080,0.311,2.44,12.86,NVDA,188.89,4598904830000,2.123,0.04,86.62-191.05,1.65,0.88122,133243953,172774233,NVIDIA Corporation,USD,0001045810,US67066G1040,67066G104,NASDAQ Global Select,NASDAQ,Semiconductors,https://www.nvidia.com,Jen-Hsun Huang,Technology,US,36000,408 486 2000,2788 San Tomas Expressway,Santa Clara,CA,95051,https://images.financialmodelingprep.com/symbol/NVDA.png,1999-01-22,,,,,,,,,,,,,,,,,,,,,,,,,,,,,,,,,,,,,,,,,,,,,,,,,,,,,,,,,,,,,,,,,,,,,,,,,,,,,,,,,,,,,,,,,,,,,,,,,,,,,,,,,,,,,,,,,,,,,,,,,,,,,,,,,,,,,,,,,,,,,,,,,,,,,,,,,,,,,,,,,,,,,,,,,,,,,,,,,,,,,,,,,,,,,,,,,,,,,353218496927.8034,,353218496927.8034
2020-11-04,13.39,13.83,13.34,13.79,410229280,0.405,2.99,13.5875,NVDA,188.89,4598904830000,2.123,0.04,86.62-191.05,1.65,0.88122,133243953,172774233,NVIDIA Corporation,USD,0001045810,US67066G1040,67066G104,NASDAQ Global Select,NASDAQ,Semiconductors,https://www.nvidia.com,Jen-Hsun Huang,Technology,US,36000,408 486 2000,2788 San Tomas Expressway,Santa Clara,CA,95051,https://images.financialmodelingprep.com/symbol/NVDA.png,1999-01-22,,,,,,,,,,,,,,,,,,,,,,,,,,,,,,,,,,,,,,,,,,,,,,,,,,,,,,,,,,,,,,,,,,,,,,,,,,,,,,,,,,,,,,,,,,,,,,,,,,,,,,,,,,,,,,,,,,,,,,,,,,,,,,,,,,,,,,,,,,,,,,,,,,,,,,,,,,,,,,,,,,,,,,,,,,,,,,,,,,,,,,,,,,,,,,,,,,,,,333495636693.256,,333495636693.256
2020-11-05,14.16,14.34,13.99,14.16,319028320,-0.0025,0.0,14.1625,NVDA,188.89,4598904830000,2.123,0.04,86.62-191.05,1.65,0.88122,133243953,172774233,NVIDIA Corporation,USD,0001045810,US67066G1040,67066G104,NASDAQ Global Select,NASDAQ,Semiconductors,https://www.nvidia.com,Jen-Hsun Huang,Technology,US,36000,408 486 2000,2788 San Tomas Expressway,Santa Clara,CA,95051,https://images.financialmodelingprep.com/symbol/NVDA.png,1999-01-22,,,,,,,,,,,,,,,,,,,,,,,,,,,,,,,,,,,,,,,,,,,,,,,,,,,,,,,,,,,,,,,,,,,,,,,,,,,,,,,,,,,,,,,,,,,,,,,,,,,,,,,,,,,,,,,,,,,,,,,,,,,,,,,,,,,,,,,,,,,,,,,,,,,,,,,,,,,,,,,,,,,,,,,,,,,,,,,,,,,,,,,,,,,,,,,,,,,,,324781414548.0226,,324781414548.0226
2020-11-06,14.11,14.59,13.9,14.56,383349280,0.45225,3.19,14.29,NVDA,188.89,4598904830000,2.123,0.04,86.62-191.05,1.65,0.88122,133243953,172774233,NVIDIA Corporation,USD,0001045810,US67066G1040,67066G104,NASDAQ Global Select,NASDAQ,Semiconductors,https://www.nvidia.com,Jen-Hsun Huang,Technology,US,36000,408 486 2000,2788 San Tomas Expressway,Santa Clara,CA,95051,https://images.financialmodelingprep.com/symbol/NVDA.png,1999-01-22,,,,,,,,,,,,,,,,,,,,,,,,,,,,,,,,,,,,,,,,,,,,,,,,,,,,,,,,,,,,,,,,,,,,,,,,,,,,,,,,,,,,,,,,,,,,,,,,,,,,,,,,,,,,,,,,,,,,,,,,,,,,,,,,,,,,,,,,,,,,,,,,,,,,,,,,,,,,,,,,,,,,,,,,,,,,,,,,,,,,,,,,,,,,,,,,,,,,,315858848214.2857,,315858848214.2857
2020-11-09,14.55,14.69,13.61,13.63,582977880,-0.92175,-6.32,14.12,NVDA,188.89,4598904830000,2.123,0.04,86.62-191.05,1.65,0.88122,133243953,172774233,NVIDIA Corporation,USD,0001045810,US67066G1040,67066G104,NASDAQ Global Select,NASDAQ,Semiconductors,https://www.nvidia.com,Jen-Hsun Huang,Technology,US,36000,408 486 2000,2788 San Tomas Expressway,Santa Clara,CA,95051,https://images.financialmodelingprep.com/symbol/NVDA.png,1999-01-22,,,,,,,,,,,,,,,,,,,,,,,,,,,,,,,,,,,,,,,,,,,,,,,,,,,,,,,,,,,,,,,,,,,,,,,,,,,,,,,,,,,,,,,,,,,,,,,,,,,,,,,,,,,,,,,,,,,,,,,,,,,,,,,,,,,,,,,,,,,,,,,,,,,,,,,,,,,,,,,,,,,,,,,,,,,,,,,,,,,,,,,,,,,,,,,,,,,,,337410479090.24207,,337410479090.24207
2020-11-10,13.61,13.61,12.63,12.77,644068000,-0.8365,-6.17,13.155,NVDA,188.89,4598904830000,2.123,0.04,86.62-191.05,1.65,0.88122,133243953,172774233,NVIDIA Corporation,USD,0001045810,US67066G1040,67066G104,NASDAQ Global Select,NASDAQ,Semiconductors,https://www.nvidia.com,Jen-Hsun Huang,Technology,US,36000,408 486 2000,2788 San Tomas Expressway,Santa Clara,CA,95051,https://images.financialmodelingprep.com/symbol/NVDA.png,1999-01-22,,,,,,,,,,,,,,,,,,,,,,,,,,,,,,,,,,,,,,,,,,,,,,,,,,,,,,,,,,,,,,,,,,,,,,,,,,,,,,,,,,,,,,,,,,,,,,,,,,,,,,,,,,,,,,,,,,,,,,,,,,,,,,,,,,,,,,,,,,,,,,,,,,,,,,,,,,,,,,,,,,,,,,,,,,,,,,,,,,,,,,,,,,,,,,,,,,,,,360133502740.79877,,360133502740.79877
2020-11-11,13.05,13.43,12.95,13.42,404744000,0.36425,2.84,13.2125,NVDA,188.89,4598904830000,2.123,0.04,86.62-191.05,1.65,0.88122,133243953,172774233,NVIDIA Corporation,USD,0001045810,US67066G1040,67066G104,NASDAQ Global Select,NASDAQ,Semiconductors,https://www.nvidia.com,Jen-Hsun Huang,Technology,US,36000,408 486 2000,2788 San Tomas Expressway,Santa Clara,CA,95051,https://images.financialmodelingprep.com/symbol/NVDA.png,1999-01-22,,,,,,,,,,,,,,,,,,,,,,,,,,,,,,,,,,,,,,,,,,,,,,,,,,,,,,,,,,,,,,,,,,,,,,,,,,,,,,,,,,,,,,,,,,,,,,,,,,,,,,,,,,,,,,,,,,,,,,,,,,,,,,,,,,,,,,,,,,,,,,,,,,,,,,,,,,,,,,,,,,,,,,,,,,,,,,,,,,,,,,,,,,,,,,,,,,,,,342690374813.7109,,342690374813.7109
2020-11-12,13.48,13.77,13.32,13.46,366635000,-0.0221725,-0.14837,13.5075,NVDA,188.89,4598904830000,2.123,0.04,86.62-191.05,1.65,0.88122,133243953,172774233,NVIDIA Corporation,USD,0001045810,US67066G1040,67066G104,NASDAQ Global Select,NASDAQ,Semiconductors,https://www.nvidia.com,Jen-Hsun Huang,Technology,US,36000,408 486 2000,2788 San Tomas Expressway,Santa Clara,CA,95051,https://images.financialmodelingprep.com/symbol/NVDA.png,1999-01-22,,,,,,,,,,,,,,,,,,,,,,,,,,,,,,,,,,,,,,,,,,,,,,,,,,,,,,,,,,,,,,,,,,,,,,,,,,,,,,,,,,,,,,,,,,,,,,,,,,,,,,,,,,,,,,,,,,,,,,,,,,,,,,,,,,,,,,,,,,,,,,,,,,,,,,,,,,,,,,,,,,,,,,,,,,,,,,,,,,,,,,,,,,,,,,,,,,,,,341671978454.68054,,341671978454.68054
2020-11-13,13.63,13.67,13.06,13.3,346762320,-0.33028,-2.42,13.415,NVDA,188.89,4598904830000,2.123,0.04,86.62-191.05,1.65,0.88122,133243953,172774233,NVIDIA Corporation,USD,0001045810,US67066G1040,67066G104,NASDAQ Global Select,NASDAQ,Semiconductors,https://www.nvidia.com,Jen-Hsun Huang,Technology,US,36000,408 486 2000,2788 San Tomas Expressway,Santa Clara,CA,95051,https://images.financialmodelingprep.com/symbol/NVDA.png,1999-01-22,,,,,,,,,,,,,,,,,,,,,,,,,,,,,,,,,,,,,,,,,,,,,,,,,,,,,,,,,,,,,,,,,,,,,,,,,,,,,,,,,,,,,,,,,,,,,,,,,,,,,,,,,,,,,,,,,,,,,,,,,,,,,,,,,,,,,,,,,,,,,,,,,,,,,,,,,,,,,,,,,,,,,,,,,,,,,,,,,,,,,,,,,,,,,,,,,,,,,345782318045.1128,,345782318045.1128
2020-11-16,13.17,13.65,13.16,13.52,413776000,0.34275,2.66,13.375,NVDA,188.89,4598904830000,2.123,0.04,86.62-191.05,1.65,0.88122,133243953,172774233,NVIDIA Corporation,USD,0001045810,US67066G1040,67066G104,NASDAQ Global Select,NASDAQ,Semiconductors,https://www.nvidia.com,Jen-Hsun Huang,Technology,US,36000,408 486 2000,2788 San Tomas Expressway,Santa Clara,CA,95051,https://images.financialmodelingprep.com/symbol/NVDA.png,1999-01-22,,,,,,,,,,,,,,,,,,,,,,,,,,,,,,,,,,,,,,,,,,,,,,,,,,,,,,,,,,,,,,,,,,,,,,,,,,,,,,,,,,,,,,,,,,,,,,,,,,,,,,,,,,,,,,,,,,,,,,,,,,,,,,,,,,,,,,,,,,,,,,,,,,,,,,,,,,,,,,,,,,,,,,,,,,,,,,,,,,,,,,,,,,,,,,,,,,,,,340155682692.3077,,340155682692.3077
2020-11-17,13.55,13.6,13.3,13.42,312028000,-0.13025,-0.95941,13.4675,NVDA,188.89,4598904830000,2.123,0.04,86.62-191.05,1.65,0.88122,133243953,172774233,NVIDIA Corporation,USD,0001045810,US67066G1040,67066G104,NASDAQ Global Select,NASDAQ,Semiconductors,https://www.nvidia.com,Jen-Hsun Huang,Technology,US,36000,408 486 2000,2788 San Tomas Expressway,Santa Clara,CA,95051,https://images.financialmodelingprep.com/symbol/NVDA.png,1999-01-22,,,,,,,,,,,,,,,,,,,,,,,,,,,,,,,,,,,,,,,,,,,,,,,,,,,,,,,,,,,,,,,,,,,,,,,,,,,,,,,,,,,,,,,,,,,,,,,,,,,,,,,,,,,,,,,,,,,,,,,,,,,,,,,,,,,,,,,,,,,,,,,,,,,,,,,,,,,,,,,,,,,,,,,,,,,,,,,,,,,,,,,,,,,,,,,,,,,,,342690374813.7109,,342690374813.7109
2020-11-18,13.47,13.61,13.19,13.43,510925320,-0.0365,-0.29696,13.425,NVDA,188.89,4598904830000,2.123,0.04,86.62-191.05,1.65,0.88122,133243953,172774233,NVIDIA Corporation,USD,0001045810,US67066G1040,67066G104,NASDAQ Global Select,NASDAQ,Semiconductors,https://www.nvidia.com,Jen-Hsun Huang,Technology,US,36000,408 486 2000,2788 San Tomas Expressway,Santa Clara,CA,95051,https://images.financialmodelingprep.com/symbol/NVDA.png,1999-01-22,,,,,,,,,,,,,,,,,,,,,,,,,,,,,,,,,,,,,,,,,,,,,,,,,,,,,,,,,,,,,,,,,,,,,,,,,,,,,,,,,,,,,,,,,,,,,,,,,,,,,,,,,,,,,,,,,,,,,,,,,,,,,,,,,,,,,,,,,,,,,,,,,,,,,,,,,,,,,,,,,,,,,,,,,,,,,,,,,,,,,,,,,,,,,,,,,,,,,342435206999.25543,,342435206999.25543
2020-11-19,13.21,13.49,13.1,13.44,565936000,0.2275,1.74,13.31,NVDA,188.89,4598904830000,2.123,0.04,86.62-191.05,1.65,0.88122,133243953,172774233,NVIDIA Corporation,USD,0001045810,US67066G1040,67066G104,NASDAQ Global Select,NASDAQ,Semiconductors,https://www.nvidia.com,Jen-Hsun Huang,Technology,US,36000,408 486 2000,2788 San Tomas Expressway,Santa Clara,CA,95051,https://images.financialmodelingprep.com/symbol/NVDA.png,1999-01-22,,,,,,,,,,,,,,,,,,,,,,,,,,,,,,,,,,,,,,,,,,,,,,,,,,,,,,,,,,,,,,,,,,,,,,,,,,,,,,,,,,,,,,,,,,,,,,,,,,,,,,,,,,,,,,,,,,,,,,,,,,,,,,,,,,,,,,,,,,,,,,,,,,,,,,,,,,,,,,,,,,,,,,,,,,,,,,,,,,,,,,,,,,,,,,,,,,,,,342180418898.8095,,342180418898.8095
2020-11-20,13.45,13.49,13.07,13.09,341089800,-0.36625,-2.68,13.275,NVDA,188.89,4598904830000,2.123,0.04,86.62-191.05,1.65,0.88122,133243953,172774233,NVIDIA Corporation,USD,0001045810,US67066G1040,67066G104,NASDAQ Global Select,NASDAQ,Semiconductors,https://www.nvidia.com,Jen-Hsun Huang,Technology,US,36000,408 486 2000,2788 San Tomas Expressway,Santa Clara,CA,95051,https://images.financialmodelingprep.com/symbol/NVDA.png,1999-01-22,,,,,,,,,,,,,,,,,,,,,,,,,,,,,,,,,,,,,,,,,,,,,,,,,,,,,,,,,,,,,,,,,,,,,,,,,,,,,,,,,,,,,,,,,,,,,,,,,,,,,,,,,,,,,,,,,,,,,,,,,,,,,,,,,,,,,,,,,,,,,,,,,,,,,,,,,,,,,,,,,,,,,,,,,,,,,,,,,,,,,,,,,,,,,,,,,,,,,351329627960.275,,351329627960.275
2020-11-23,13.17,13.38,13.02,13.14,361356000,-0.03113,-0.22779,13.1775,NVDA,188.89,4598904830000,2.123,0.04,86.62-191.05,1.65,0.88122,133243953,172774233,NVIDIA Corporation,USD,0001045810,US67066G1040,67066G104,NASDAQ Global Select,NASDAQ,Semiconductors,https://www.nvidia.com,Jen-Hsun Huang,Technology,US,36000,408 486 2000,2788 San Tomas Expressway,Santa Clara,CA,95051,https://images.financialmodelingprep.com/symbol/NVDA.png,1999-01-22,,,,,,,,,,,,,,,,,,,,,,,,,,,,,,,,,,,,,,,,,,,,,,,,,,,,,,,,,,,,,,,,,,,,,,,,,,,,,,,,,,,,,,,,,,,,,,,,,,,,,,,,,,,,,,,,,,,,,,,,,,,,,,,,,,,,,,,,,,,,,,,,,,,,,,,,,,,,,,,,,,,,,,,,,,,,,,,,,,,,,,,,,,,,,,,,,,,,,349992757229.8326,,349992757229.8326
2020-11-24,13.14,13.16,12.89,12.96,346500000,-0.18475,-1.37,13.0375,NVDA,188.89,4598904830000,2.123,0.04,86.62-191.05,1.65,0.88122,133243953,172774233,NVIDIA Corporation,USD,0001045810,US67066G1040,67066G104,NASDAQ Global Select,NASDAQ,Semiconductors,https://www.nvidia.com,Jen-Hsun Huang,Technology,US,36000,408 486 2000,2788 San Tomas Expressway,Santa Clara,CA,95051,https://images.financialmodelingprep.com/symbol/NVDA.png,1999-01-22,,,,,,,,,,,,,,,,,,,,,,,,,,,,,,,,,,,,,,,,,,,,,,,,,,,,,,,,,,,,,,,,,,,,,,,,,,,,,,,,,,,,,,,,,,,,,,,,,,,,,,,,,,,,,,,,,,,,,,,,,,,,,,,,,,,,,,,,,,,,,,,,,,,,,,,,,,,,,,,,,,,,,,,,,,,,,,,,,,,,,,,,,,,,,,,,,,,,,354853767746.9136,,354853767746.9136
2020-11-25,13.03,13.27,13.02,13.23,259916400,0.20225,1.53,13.1375,NVDA,188.89,4598904830000,2.123,0.04,86.62-191.05,1.65,0.88122,133243953,172774233,NVIDIA Corporation,USD,0001045810,US67066G1040,67066G104,NASDAQ Global Select,NASDAQ,Semiconductors,https://www.nvidia.com,Jen-Hsun Huang,Technology,US,36000,408 486 2000,2788 San Tomas Expressway,Santa Clara,CA,95051,https://images.financialmodelingprep.com/symbol/NVDA.png,1999-01-22,,,,,,,,,,,,,,,,,,,,,,,,,,,,,,,,,,,,,,,,,,,,,,,,,,,,,,,,,,,,,,,,,,,,,,,,,,,,,,,,,,,,,,,,,,,,,,,,,,,,,,,,,,,,,,,,,,,,,,,,,,,,,,,,,,,,,,,,,,,,,,,,,,,,,,,,,,,,,,,,,,,,,,,,,,,,,,,,,,,,,,,,,,,,,,,,,,,,,347611854119.42554,,347611854119.42554
2020-11-27,13.38,13.41,13.17,13.26,167276000,-0.11375,-0.89686,13.305,NVDA,188.89,4598904830000,2.123,0.04,86.62-191.05,1.65,0.88122,133243953,172774233,NVIDIA Corporation,USD,0001045810,US67066G1040,67066G104,NASDAQ Global Select,NASDAQ,Semiconductors,https://www.nvidia.com,Jen-Hsun Huang,Technology,US,36000,408 486 2000,2788 San Tomas Expressway,Santa Clara,CA,95051,https://images.financialmodelingprep.com/symbol/NVDA.png,1999-01-22,,,,,,,,,,,,,,,,,,,,,,,,,,,,,,,,,,,,,,,,,,,,,,,,,,,,,,,,,,,,,,,,,,,,,,,,,,,,,,,,,,,,,,,,,,,,,,,,,,,,,,,,,,,,,,,,,,,,,,,,,,,,,,,,,,,,,,,,,,,,,,,,,,,,,,,,,,,,,,,,,,,,,,,,,,,,,,,,,,,,,,,,,,,,,,,,,,,,,346825401960.7843,,346825401960.7843
2020-11-30,13.27,13.41,12.97,13.4,286952000,0.1365,0.97965,13.2625,NVDA,188.89,4598904830000,2.123,0.04,86.62-191.05,1.65,0.88122,133243953,172774233,NVIDIA Corporation,USD,0001045810,US67066G1040,67066G104,NASDAQ Global Select,NASDAQ,Semiconductors,https://www.nvidia.com,Jen-Hsun Huang,Technology,US,36000,408 486 2000,2788 San Tomas Expressway,Santa Clara,CA,95051,https://images.financialmodelingprep.com/symbol/NVDA.png,1999-01-22,,,,,,,,,,,,,,,,,,,,,,,,,,,,,,,,,,,,,,,,,,,,,,,,,,,,,,,,,,,,,,,,,,,,,,,,,,,,,,,,,,,,,,,,,,,,,,,,,,,,,,,,,,,,,,,,,,,,,,,,,,,,,,,,,,,,,,,,,,,,,,,,,,,,,,,,,,,,,,,,,,,,,,,,,,,,,,,,,,,,,,,,,,,,,,,,,,,,,343201852985.07465,,343201852985.07465
2020-12-01,13.49,13.53,13.23,13.39,297571280,-0.10225,-0.74129,13.41,NVDA,188.89,4598904830000,2.123,0.04,86.62-191.05,1.65,0.88122,133243953,172774233,NVIDIA Corporation,USD,0001045810,US67066G1040,67066G104,NASDAQ Global Select,NASDAQ,Semiconductors,https://www.nvidia.com,Jen-Hsun Huang,Technology,US,36000,408 486 2000,2788 San Tomas Expressway,Santa Clara,CA,95051,https://images.financialmodelingprep.com/symbol/NVDA.png,1999-01-22,,,,,,,,,,,,,,,,,,,,,,,,,,,,,,,,,,,,,,,,,,,,,,,,,,,,,,,,,,,,,,,,,,,,,,,,,,,,,,,,,,,,,,,,,,,,,,,,,,,,,,,,,,,,,,,,,,,,,,,,,,,,,,,,,,,,,,,,,,,,,,,,,,,,,,,,,,,,,,,,,,,,,,,,,,,,,,,,,,,,,,,,,,,,,,,,,,,,,343458165048.5437,,343458165048.5437
2020-12-02,13.35,13.67,13.23,13.54,283361200,0.194,1.42,13.4475,NVDA,188.89,4598904830000,2.123,0.04,86.62-191.05,1.65,0.88122,133243953,172774233,NVIDIA Corporation,USD,0001045810,US67066G1040,67066G104,NASDAQ Global Select,NASDAQ,Semiconductors,https://www.nvidia.com,Jen-Hsun Huang,Technology,US,36000,408 486 2000,2788 San Tomas Expressway,Santa Clara,CA,95051,https://images.financialmodelingprep.com/symbol/NVDA.png,1999-01-22,,,,,,,,,,,,,,,,,,,,,,,,,,,,,,,,,,,,,,,,,,,,,,,,,,,,,,,,,,,,,,,,,,,,,,,,,,,,,,,,,,,,,,,,,,,,,,,,,,,,,,,,,,,,,,,,,,,,,,,,,,,,,,,,,,,,,,,,,,,,,,,,,,,,,,,,,,,,,,,,,,,,,,,,,,,,,,,,,,,,,,,,,,,,,,,,,,,,,339653237075.3324,,339653237075.3324
2020-12-03,13.59,13.66,13.33,13.4,199520640,-0.1915,-1.4,13.495,NVDA,188.89,4598904830000,2.123,0.04,86.62-191.05,1.65,0.88122,133243953,172774233,NVIDIA Corporation,USD,0001045810,US67066G1040,67066G104,NASDAQ Global Select,NASDAQ,Semiconductors,https://www.nvidia.com,Jen-Hsun Huang,Technology,US,36000,408 486 2000,2788 San Tomas Expressway,Santa Clara,CA,95051,https://images.financialmodelingprep.com/symbol/NVDA.png,1999-01-22,,,0.16,,,,,,,,,,,,,,,,,,,,,,,,,,,,,,,,,,,,,,,,,,,,,,,,,,,,,,,,,,,,,,,,,,,,,,,,,,,,,,,,,,,,,,,,,,,,,,,,,,,,,,,,,,,,,,,,,,,,,,,,,,,,,,,,,,,,,,,,,,,,,,,,,,,,,,,,,,,,,,,,,,,,,,,,,,,,,,,,,,,,,,,,,,,,,,,,,,343201852985.07465,,343201852985.07465
2020-12-04,13.45,13.56,13.39,13.56,202244000,0.10975,0.81784,13.49,NVDA,188.89,4598904830000,2.123,0.04,86.62-191.05,1.65,0.88122,133243953,172774233,NVIDIA Corporation,USD,0001045810,US67066G1040,67066G104,NASDAQ Global Select,NASDAQ,Semiconductors,https://www.nvidia.com,Jen-Hsun Huang,Technology,US,36000,408 486 2000,2788 San Tomas Expressway,Santa Clara,CA,95051,https://images.financialmodelingprep.com/symbol/NVDA.png,1999-01-22,,,,,,,,,,,,,,,,,,,,,,,,,,,,,,,,,,,,,,,,,,,,,,,,,,,,,,,,,,,,,,,,,,,,,,,,,,,,,,,,,,,,,,,,,,,,,,,,,,,,,,,,,,,,,,,,,,,,,,,,,,,,,,,,,,,,,,,,,,,,,,,,,,,,,,,,,,,,,,,,,,,,,,,,,,,,,,,,,,,,,,,,,,,,,,,,,,,,,339152273598.82007,,339152273598.82007
2020-12-07,13.6,13.73,13.5,13.61,223244000,0.0055,0.07352941,13.61,NVDA,188.89,4598904830000,2.123,0.04,86.62-191.05,1.65,0.88122,133243953,172774233,NVIDIA Corporation,USD,0001045810,US67066G1040,67066G104,NASDAQ Global Select,NASDAQ,Semiconductors,https://www.nvidia.com,Jen-Hsun Huang,Technology,US,36000,408 486 2000,2788 San Tomas Expressway,Santa Clara,CA,95051,https://images.financialmodelingprep.com/symbol/NVDA.png,1999-01-22,,,,,,,,,,,,,,,,,,,,,,,,,,,,,,,,,,,,,,,,,,,,,,,,,,,,,,,,,,,,,,,,,,,,,,,,,,,,,,,,,,,,,,,,,,,,,,,,,,,,,,,,,,,,,,,,,,,,,,,,,,,,,,,,,,,,,,,,,,,,,,,,,,,,,,,,,,,,,,,,,,,,,,,,,,,,,,,,,,,,,,,,,,,,,,,,,,,,,337906306392.3586,,337906306392.3586
2020-12-08,13.59,13.6,13.28,13.35,271920880,-0.235,-1.77,13.455,NVDA,188.89,4598904830000,2.123,0.04,86.62-191.05,1.65,0.88122,133243953,172774233,NVIDIA Corporation,USD,0001045810,US67066G1040,67066G104,NASDAQ Global Select,NASDAQ,Semiconductors,https://www.nvidia.com,Jen-Hsun Huang,Technology,US,36000,408 486 2000,2788 San Tomas Expressway,Santa Clara,CA,95051,https://images.financialmodelingprep.com/symbol/NVDA.png,1999-01-22,,,,,,,,,,,,,,,,,,,,,,,,,,,,,,,,,,,,,,,,,,,,,,,,,,,,,,,,,,,,,,,,,,,,,,,,,,,,,,,,,,,,,,,,,,,,,,,,,,,,,,,,,,,,,,,,,,,,,,,,,,,,,,,,,,,,,,,,,,,,,,,,,,,,,,,,,,,,,,,,,,,,,,,,,,,,,,,,,,,,,,,,,,,,,,,,,,,,,344487253183.5206,,344487253183.5206
2020-12-09,13.3,13.41,12.87,12.93,401301200,-0.36975,-2.78,13.1275,NVDA,188.89,4598904830000,2.123,0.04,86.62-191.05,1.65,0.88122,133243953,172774233,NVIDIA Corporation,USD,0001045810,US67066G1040,67066G104,NASDAQ Global Select,NASDAQ,Semiconductors,https://www.nvidia.com,Jen-Hsun Huang,Technology,US,36000,408 486 2000,2788 San Tomas Expressway,Santa Clara,CA,95051,https://images.financialmodelingprep.com/symbol/NVDA.png,1999-01-22,,,,,,,,,,,,,,,,,,,,,,,,,,,,,,,,,,,,,,,,,,,,,,,,,,,,,,,,,,,,,,,,,,,,,,,,,,,,,,,,,,,,,,,,,,,,,,,,,,,,,,,,,,,,,,,,,,,,,,,,,,,,,,,,,,,,,,,,,,,,,,,,,,,,,,,,,,,,,,,,,,,,,,,,,,,,,,,,,,,,,,,,,,,,,,,,,,,,,355677094354.215,,355677094354.215
2020-12-10,12.87,13.07,12.85,12.97,207764720,0.10325,0.777,12.94,NVDA,188.89,4598904830000,2.123,0.04,86.62-191.05,1.65,0.88122,133243953,172774233,NVIDIA Corporation,USD,0001045810,US67066G1040,67066G104,NASDAQ Global Select,NASDAQ,Semiconductors,https://www.nvidia.com,Jen-Hsun Huang,Technology,US,36000,408 486 2000,2788 San Tomas Expressway,Santa Clara,CA,95051,https://images.financialmodelingprep.com/symbol/NVDA.png,1999-01-22,,,,,,,,,,,,,,,,,,,,,,,,,,,,,,,,,,,,,,,,,,,,,,,,,,,,,,,,,,,,,,,,,,,,,,,,,,,,,,,,,,,,,,,,,,,,,,,,,,,,,,,,,,,,,,,,,,,,,,,,,,,,,,,,,,,,,,,,,,,,,,,,,,,,,,,,,,,,,,,,,,,,,,,,,,,,,,,,,,,,,,,,,,,,,,,,,,,,,354580171935.23517,,354580171935.23517
2020-12-11,12.97,13.02,12.82,13.01,209265640,0.046,0.3084,12.955,NVDA,188.89,4598904830000,2.123,0.04,86.62-191.05,1.65,0.88122,133243953,172774233,NVIDIA Corporation,USD,0001045810,US67066G1040,67066G104,NASDAQ Global Select,NASDAQ,Semiconductors,https://www.nvidia.com,Jen-Hsun Huang,Technology,US,36000,408 486 2000,2788 San Tomas Expressway,Santa Clara,CA,95051,https://images.financialmodelingprep.com/symbol/NVDA.png,1999-01-22,,,,,,,,,,,,,,,,,,,,,,,,,,,,,,,,,,,,,,,,,,,,,,,,,,,,,,,,,,,,,,,,,,,,,,,,,,,,,,,,,,,,,,,,,,,,,,,,,,,,,,,,,,,,,,,,,,,,,,,,,,,,,,,,,,,,,,,,,,,,,,,,,,,,,,,,,,,,,,,,,,,,,,,,,,,,,,,,,,,,,,,,,,,,,,,,,,,,,353489994619.52344,,353489994619.52344
2020-12-14,13.09,13.39,13.08,13.31,270157880,0.22087,1.68,13.2175,NVDA,188.89,4598904830000,2.123,0.04,86.62-191.05,1.65,0.88122,133243953,172774233,NVIDIA Corporation,USD,0001045810,US67066G1040,67066G104,NASDAQ Global Select,NASDAQ,Semiconductors,https://www.nvidia.com,Jen-Hsun Huang,Technology,US,36000,408 486 2000,2788 San Tomas Expressway,Santa Clara,CA,95051,https://images.financialmodelingprep.com/symbol/NVDA.png,1999-01-22,,,,,,,,,,,,,,,,,,,,,,,,,,,,,,,,,,,,,,,,,,,,,,,,,,,,,,,,,,,,,,,,,,,,,,,,,,,,,,,,,,,,,,,,,,,,,,,,,,,,,,,,,,,,,,,,,,,,,,,,,,,,,,,,,,,,,,,,,,,,,,,,,,,,,,,,,,,,,,,,,,,,,,,,,,,,,,,,,,,,,,,,,,,,,,,,,,,,,345522526671.6754,,345522526671.6754
2020-12-15,13.44,13.46,13.19,13.36,193485920,-0.07925,-0.59524,13.3625,NVDA,188.89,4598904830000,2.123,0.04,86.62-191.05,1.65,0.88122,133243953,172774233,NVIDIA Corporation,USD,0001045810,US67066G1040,67066G104,NASDAQ Global Select,NASDAQ,Semiconductors,https://www.nvidia.com,Jen-Hsun Huang,Technology,US,36000,408 486 2000,2788 San Tomas Expressway,Santa Clara,CA,95051,https://images.financialmodelingprep.com/symbol/NVDA.png,1999-01-22,,,,,,,,,,,,,,,,,,,,,,,,,,,,,,,,,,,,,,,,,,,,,,,,,,,,,,,,,,,,,,,,,,,,,,,,,,,,,,,,,,,,,,,,,,,,,,,,,,,,,,,,,,,,,,,,,,,,,,,,,,,,,,,,,,,,,,,,,,,,,,,,,,,,,,,,,,,,,,,,,,,,,,,,,,,,,,,,,,,,,,,,,,,,,,,,,,,,,344229403443.1138,,344229403443.1138
2020-12-16,13.42,13.44,13.21,13.24,223116000,-0.18,-1.34,13.3275,NVDA,188.89,4598904830000,2.123,0.04,86.62-191.05,1.65,0.88122,133243953,172774233,NVIDIA Corporation,USD,0001045810,US67066G1040,67066G104,NASDAQ Global Select,NASDAQ,Semiconductors,https://www.nvidia.com,Jen-Hsun Huang,Technology,US,36000,408 486 2000,2788 San Tomas Expressway,Santa Clara,CA,95051,https://images.financialmodelingprep.com/symbol/NVDA.png,1999-01-22,,,,,,,,,,,,,,,,,,,,,,,,,,,,,,,,,,,,,,,,,,,,,,,,,,,,,,,,,,,,,,,,,,,,,,,,,,,,,,,,,,,,,,,,,,,,,,,,,,,,,,,,,,,,,,,,,,,,,,,,,,,,,,,,,,,,,,,,,,,,,,,,,,,,,,,,,,,,,,,,,,,,,,,,,,,,,,,,,,,,,,,,,,,,,,,,,,,,,347349307401.8127,,347349307401.8127
2020-12-17,13.37,13.38,13.18,13.34,231384000,-0.0255,-0.22438,13.3175,NVDA,188.89,4598904830000,2.123,0.04,86.62-191.05,1.65,0.88122,133243953,172774233,NVIDIA Corporation,USD,0001045810,US67066G1040,67066G104,NASDAQ Global Select,NASDAQ,Semiconductors,https://www.nvidia.com,Jen-Hsun Huang,Technology,US,36000,408 486 2000,2788 San Tomas Expressway,Santa Clara,CA,95051,https://images.financialmodelingprep.com/symbol/NVDA.png,1999-01-22,,,,,,,,,,,,,,,,,,,,,,,,,,,,,,,,,,,,,,,,,,,,,,,,,,,,,,,,,,,,,,,,,,,,,,,,,,,,,,,,,,,,,,,,,,,,,,,,,,,,,,,,,,,,,,,,,,,,,,,,,,,,,,,,,,,,,,,,,,,,,,,,,,,,,,,,,,,,,,,,,,,,,,,,,,,,,,,,,,,,,,,,,,,,,,,,,,,,,344745489505.2474,,344745489505.2474
2020-12-18,13.38,13.41,13.07,13.27,342064640,-0.107,-0.82212,13.2825,NVDA,188.89,4598904830000,2.123,0.04,86.62-191.05,1.65,0.88122,133243953,172774233,NVIDIA Corporation,USD,0001045810,US67066G1040,67066G104,NASDAQ Global Select,NASDAQ,Semiconductors,https://www.nvidia.com,Jen-Hsun Huang,Technology,US,36000,408 486 2000,2788 San Tomas Expressway,Santa Clara,CA,95051,https://images.financialmodelingprep.com/symbol/NVDA.png,1999-01-22,,,,,,,,,,,,,,,,,,,,,,,,,,,,,,,,,,,,,,,,,,,,,,,,,,,,,,,,,,,,,,,,,,,,,,,,,,,,,,,,,,,,,,,,,,,,,,,,,,,,,,,,,,,,,,,,,,,,,,,,,,,,,,,,,,,,,,,,,,,,,,,,,,,,,,,,,,,,,,,,,,,,,,,,,,,,,,,,,,,,,,,,,,,,,,,,,,,,,346564041446.8727,,346564041446.8727
2020-12-21,13.07,13.37,12.97,13.33,302332160,0.2575,1.99,13.185,NVDA,188.89,4598904830000,2.123,0.04,86.62-191.05,1.65,0.88122,133243953,172774233,NVIDIA Corporation,USD,0001045810,US67066G1040,67066G104,NASDAQ Global Select,NASDAQ,Semiconductors,https://www.nvidia.com,Jen-Hsun Huang,Technology,US,36000,408 486 2000,2788 San Tomas Expressway,Santa Clara,CA,95051,https://images.financialmodelingprep.com/symbol/NVDA.png,1999-01-22,,,,,,,,,,,,,,,,,,,,,,,,,,,,,,,,,,,,,,,,,,,,,,,,,,,,,,,,,,,,,,,,,,,,,,,,,,,,,,,,,,,,,,,,,,,,,,,,,,,,,,,,,,,,,,,,,,,,,,,,,,,,,,,,,,,,,,,,,,,,,,,,,,,,,,,,,,,,,,,,,,,,,,,,,,,,,,,,,,,,,,,,,,,,,,,,,,,,,345004113278.3196,,345004113278.3196
2020-12-22,13.32,13.34,13.05,13.28,186314880,-0.041,-0.3003,13.2475,NVDA,188.89,4598904830000,2.123,0.04,86.62-191.05,1.65,0.88122,133243953,172774233,NVIDIA Corporation,USD,0001045810,US67066G1040,67066G104,NASDAQ Global Select,NASDAQ,Semiconductors,https://www.nvidia.com,Jen-Hsun Huang,Technology,US,36000,408 486 2000,2788 San Tomas Expressway,Santa Clara,CA,95051,https://images.financialmodelingprep.com/symbol/NVDA.png,1999-01-22,,,,,,,,,,,,,,,,,,,,,,,,,,,,,,,,,,,,,,,,,,,,,,,,,,,,,,,,,,,,,,,,,,,,,,,,,,,,,,,,,,,,,,,,,,,,,,,,,,,,,,,,,,,,,,,,,,,,,,,,,,,,,,,,,,,,,,,,,,,,,,,,,,,,,,,,,,,,,,,,,,,,,,,,,,,,,,,,,,,,,,,,,,,,,,,,,,,,,346303074548.1928,,346303074548.1928
2020-12-23,13.26,13.28,13.01,13.01,179144000,-0.24675,-1.89,13.14,NVDA,188.89,4598904830000,2.123,0.04,86.62-191.05,1.65,0.88122,133243953,172774233,NVIDIA Corporation,USD,0001045810,US67066G1040,67066G104,NASDAQ Global Select,NASDAQ,Semiconductors,https://www.nvidia.com,Jen-Hsun Huang,Technology,US,36000,408 486 2000,2788 San Tomas Expressway,Santa Clara,CA,95051,https://images.financialmodelingprep.com/symbol/NVDA.png,1999-01-22,,,,,,,,,,,,,,,,,,,,,,,,,,,,,,,,,,,,,,,,,,,,,,,,,,,,,,,,,,,,,,,,,,,,,,,,,,,,,,,,,,,,,,,,,,,,,,,,,,,,,,,,,,,,,,,,,,,,,,,,,,,,,,,,,,,,,,,,,,,,,,,,,,,,,,,,,,,,,,,,,,,,,,,,,,,,,,,,,,,,,,,,,,,,,,,,,,,,,353489994619.52344,,353489994619.52344
2020-12-24,13.04,13.13,12.94,12.99,97884000,-0.0435,-0.38344,13.025,NVDA,188.89,4598904830000,2.123,0.04,86.62-191.05,1.65,0.88122,133243953,172774233,NVIDIA Corporation,USD,0001045810,US67066G1040,67066G104,NASDAQ Global Select,NASDAQ,Semiconductors,https://www.nvidia.com,Jen-Hsun Huang,Technology,US,36000,408 486 2000,2788 San Tomas Expressway,Santa Clara,CA,95051,https://images.financialmodelingprep.com/symbol/NVDA.png,1999-01-22,,,,,,,,,,,,,,,,,,,,,,,,,,,,,,,,,,,,,,,,,,,,,,,,,,,,,,,,,,,,,,,,,,,,,,,,,,,,,,,,,,,,,,,,,,,,,,,,,,,,,,,,,,,,,,,,,,,,,,,,,,,,,,,,,,,,,,,,,,,,,,,,,,,,,,,,,,,,,,,,,,,,,,,,,,,,,,,,,,,,,,,,,,,,,,,,,,,,,354034244033.8722,,354034244033.8722
2020-12-28,13.06,13.06,12.76,12.9,212565640,-0.1625,-1.23,12.945,NVDA,188.89,4598904830000,2.123,0.04,86.62-191.05,1.65,0.88122,133243953,172774233,NVIDIA Corporation,USD,0001045810,US67066G1040,67066G104,NASDAQ Global Select,NASDAQ,Semiconductors,https://www.nvidia.com,Jen-Hsun Huang,Technology,US,36000,408 486 2000,2788 San Tomas Expressway,Santa Clara,CA,95051,https://images.financialmodelingprep.com/symbol/NVDA.png,1999-01-22,,,,,,,,,,,,,,,,,,,,,,,,,,,,,,,,,,,,,,,,,,,,,,,,,,,,,,,,,,,,,,,,,,,,,,,,,,,,,,,,,,,,,,,,,,,,,,,,,,,,,,,,,,,,,,,,,,,,,,,,,,,,,,,,,,,,,,,,,,,,,,,,,,,,,,,,,,,,,,,,,,,,,,,,,,,,,,,,,,,,,,,,,,,,,,,,,,,,,356504250387.59686,,356504250387.59686
2020-12-29,12.93,13.07,12.84,12.94,170372160,0.01825,0.07733952,12.945,NVDA,188.89,4598904830000,2.123,0.04,86.62-191.05,1.65,0.88122,133243953,172774233,NVIDIA Corporation,USD,0001045810,US67066G1040,67066G104,NASDAQ Global Select,NASDAQ,Semiconductors,https://www.nvidia.com,Jen-Hsun Huang,Technology,US,36000,408 486 2000,2788 San Tomas Expressway,Santa Clara,CA,95051,https://images.financialmodelingprep.com/symbol/NVDA.png,1999-01-22,,,,,,,,,,,,,,,,,,,,,,,,,,,,,,,,,,,,,,,,,,,,,,,,,,,,,,,,,,,,,,,,,,,,,,,,,,,,,,,,,,,,,,,,,,,,,,,,,,,,,,,,,,,,,,,,,,,,,,,,,,,,,,,,,,,,,,,,,,,,,,,,,,,,,,,,,,,,,,,,,,,,,,,,,,,,,,,,,,,,,,,,,,,,,,,,,,,,,355402227975.2705,,355402227975.2705
2020-12-30,12.99,13.21,12.9,13.15,225397160,0.15544,1.23,13.0625,NVDA,188.89,4598904830000,2.123,0.04,86.62-191.05,1.65,0.88122,133243953,172774233,NVIDIA Corporation,USD,0001045810,US67066G1040,67066G104,NASDAQ Global Select,NASDAQ,Semiconductors,https://www.nvidia.com,Jen-Hsun Huang,Technology,US,36000,408 486 2000,2788 San Tomas Expressway,Santa Clara,CA,95051,https://images.financialmodelingprep.com/symbol/NVDA.png,1999-01-22,,,,,,,,,,,,,,,,,,,,,,,,,,,,,,,,,,,,,,,,,,,,,,,,,,,,,,,,,,,,,,,,,,,,,,,,,,,,,,,,,,,,,,,,,,,,,,,,,,,,,,,,,,,,,,,,,,,,,,,,,,,,,,,,,,,,,,,,,,,,,,,,,,,,,,,,,,,,,,,,,,,,,,,,,,,,,,,,,,,,,,,,,,,,,,,,,,,,,349726603041.8251,,349726603041.8251
2020-12-31,13.14,13.15,12.92,13.06,192424400,-0.0815,-0.60883,13.0675,NVDA,188.89,4598904830000,2.123,0.04,86.62-191.05,1.65,0.88122,133243953,172774233,NVIDIA Corporation,USD,0001045810,US67066G1040,67066G104,NASDAQ Global Select,NASDAQ,Semiconductors,https://www.nvidia.com,Jen-Hsun Huang,Technology,US,36000,408 486 2000,2788 San Tomas Expressway,Santa Clara,CA,95051,https://images.financialmodelingprep.com/symbol/NVDA.png,1999-01-22,,,,,,,,,,,,,,,,,,,,,,,,,,,,,,,,,,,,,,,,,,,,,,,,,,,,,,,,,,,,,,,,,,,,,,,,,,,,,,,,,,,,,,,,,,,,,,,,,,,,,,,,,,,,,,,,,,,,,,,,,,,,,,,,,,,,,,,,,,,,,,,,,,,,,,,,,,,,,,,,,,,,,,,,,,,,,,,,,,,,,,,,,,,,,,,,,,,,,352136663859.11176,,352136663859.11176
