date,open,high,low,close,volume,change,changePercent,vwap,profile_symbol,profile_price,profile_marketCap,profile_beta,profile_lastDividend,profile_range,profile_change,profile_changePercentage,profile_volume,profile_averageVolume,profile_companyName,profile_currency,profile_cik,profile_isin,profile_cusip,profile_exchangeFullName,profile_exchange,profile_industry,profile_website,profile_ceo,profile_sector,profile_country,profile_fullTimeEmployees,profile_phone,profile_address,profile_city,profile_state,profile_zip,profile_image,profile_ipoDate,split_numerator,split_denominator,income_annual_symbol,income_annual_reportedCurrency,income_annual_cik,income_annual_filingDate,income_annual_acceptedDate,income_annual_fiscalYear,income_annual_period,income_annual_revenue,income_annual_costOfRevenue,income_annual_grossProfit,income_annual_researchAndDevelopmentExpenses,income_annual_generalAndAdministrativeExpenses,income_annual_sellingAndMarketingExpenses,income_annual_sellingGeneralAndAdministrativeExpenses,income_annual_otherExpenses,income_annual_operatingExpenses,income_annual_costAndExpenses,income_annual_netInterestIncome,income_annual_interestIncome,income_annual_interestExpense,income_annual_depreciationAndAmortization,income_annual_ebitda,income_annual_ebit,income_annual_nonOperatingIncomeExcludingInterest,income_annual_operatingIncome,income_annual_totalOtherIncomeExpensesNet,income_annual_incomeBeforeTax,income_annual_incomeTaxExpense,income_annual_netIncomeFromContinuingOperations,income_annual_netIncomeFromDiscontinuedOperations,income_annual_otherAdjustmentsToNetIncome,income_annual_netIncome,income_annual_netIncomeDeductions,income_annual_bottomLineNetIncome,income_annual_eps,income_annual_epsDiluted,income_annual_weightedAverageShsOut,income_annual_weightedAverageShsOutDil,income_annual_period_type,balance_annual_symbol,balance_annual_reportedCurrency,balance_annual_cik,balance_annual_filingDate,balance_annual_acceptedDate,balance_annual_fiscalYear,balance_annual_period,balance_annual_cashAndCashEquivalents,balance_annual_shortTermInvestments,balance_annual_cashAndShortTermInvestments,balance_annual_netReceivables,balance_annual_accountsReceivables,balance_annual_otherReceivables,balance_annual_inventory,balance_annual_prepaids,balance_annual_otherCurrentAssets,balance_annual_totalCurrentAssets,balance_annual_propertyPlantEquipmentNet,balance_annual_goodwill,balance_annual_intangibleAssets,balance_annual_goodwillAndIntangibleAssets,balance_annual_longTermInvestments,balance_annual_taxAssets,balance_annual_otherNonCurrentAssets,balance_annual_totalNonCurrentAssets,balance_annual_otherAssets,balance_annual_totalAssets,balance_annual_totalPayables,balance_annual_accountPayables,balance_annual_otherPayables,balance_annual_accruedExpenses,balance_annual_shortTermDebt,balance_annual_capitalLeaseObligationsCurrent,balance_annual_taxPayables,balance_annual_deferredRevenue,balance_annual_otherCurrentLiabilities,balance_annual_totalCurrentLiabilities,balance_annual_longTermDebt,balance_annual_capitalLeaseObligationsNonCurrent,balance_annual_deferredRevenueNonCurrent,balance_annual_deferredTaxLiabilitiesNonCurrent,balance_annual_otherNonCurrentLiabilities,balance_annual_totalNonCurrentLiabilities,balance_annual_otherLiabilities,balance_annual_capitalLeaseObligations,balance_annual_totalLiabilities,balance_annual_treasuryStock,balance_annual_preferredStock,balance_annual_commonStock,balance_annual_retainedEarnings,balance_annual_additionalPaidInCapital,balance_annual_accumulatedOtherComprehensiveIncomeLoss,balance_annual_otherTotalStockholdersEquity,balance_annual_totalStockholdersEquity,balance_annual_totalEquity,balance_annual_minorityInterest,balance_annual_totalLiabilitiesAndTotalEquity,balance_annual_totalInvestments,balance_annual_totalDebt,balance_annual_netDebt,balance_annual_period_type,cashflow_annual_symbol,cashflow_annual_reportedCurrency,cashflow_annual_cik,cashflow_annual_filingDate,cashflow_annual_acceptedDate,cashflow_annual_fiscalYear,cashflow_annual_period,cashflow_annual_netIncome,cashflow_annual_depreciationAndAmortization,cashflow_annual_deferredIncomeTax,cashflow_annual_stockBasedCompensation,cashflow_annual_changeInWorkingCapital,cashflow_annual_accountsReceivables,cashflow_annual_inventory,cashflow_annual_accountsPayables,cashflow_annual_otherWorkingCapital,cashflow_annual_otherNonCashItems,cashflow_annual_netCashProvidedByOperatingActivities,cashflow_annual_investmentsInPropertyPlantAndEquipment,cashflow_annual_acquisitionsNet,cashflow_annual_purchasesOfInvestments,cashflow_annual_salesMaturitiesOfInvestments,cashflow_annual_otherInvestingActivities,cashflow_annual_netCashProvidedByInvestingActivities,cashflow_annual_netDebtIssuance,cashflow_annual_longTermNetDebtIssuance,cashflow_annual_shortTermNetDebtIssuance,cashflow_annual_netStockIssuance,cashflow_annual_netCommonStockIssuance,cashflow_annual_commonStockIssuance,cashflow_annual_commonStockRepurchased,cashflow_annual_netPreferredStockIssuance,cashflow_annual_netDividendsPaid,cashflow_annual_commonDividendsPaid,cashflow_annual_preferredDividendsPaid,cashflow_annual_otherFinancingActivities,cashflow_annual_netCashProvidedByFinancingActivities,cashflow_annual_effectOfForexChangesOnCash,cashflow_annual_netChangeInCash,cashflow_annual_cashAtEndOfPeriod,cashflow_annual_cashAtBeginningOfPeriod,cashflow_annual_operatingCashFlow,cashflow_annual_capitalExpenditure,cashflow_annual_freeCashFlow,cashflow_annual_incomeTaxesPaid,cashflow_annual_interestPaid,cashflow_annual_period_type,metrics_annual_symbol,metrics_annual_fiscalYear,metrics_annual_period,metrics_annual_reportedCurrency,metrics_annual_marketCap,metrics_annual_enterpriseValue,metrics_annual_evToSales,metrics_annual_evToOperatingCashFlow,metrics_annual_evToFreeCashFlow,metrics_annual_evToEBITDA,metrics_annual_netDebtToEBITDA,metrics_annual_currentRatio,metrics_annual_incomeQuality,metrics_annual_grahamNumber,metrics_annual_grahamNetNet,metrics_annual_taxBurden,metrics_annual_interestBurden,metrics_annual_workingCapital,metrics_annual_investedCapital,metrics_annual_returnOnAssets,metrics_annual_operatingReturnOnAssets,metrics_annual_returnOnTangibleAssets,metrics_annual_returnOnEquity,metrics_annual_returnOnInvestedCapital,metrics_annual_returnOnCapitalEmployed,metrics_annual_earningsYield,metrics_annual_freeCashFlowYield,metrics_annual_capexToOperatingCashFlow,metrics_annual_capexToDepreciation,metrics_annual_capexToRevenue,metrics_annual_salesGeneralAndAdministrativeToRevenue,metrics_annual_researchAndDevelopementToRevenue,metrics_annual_stockBasedCompensationToRevenue,metrics_annual_intangiblesToTotalAssets,metrics_annual_averageReceivables,metrics_annual_averagePayables,metrics_annual_averageInventory,metrics_annual_daysOfSalesOutstanding,metrics_annual_daysOfPayablesOutstanding,metrics_annual_daysOfInventoryOutstanding,metrics_annual_operatingCycle,metrics_annual_cashConversionCycle,metrics_annual_freeCashFlowToEquity,metrics_annual_freeCashFlowToFirm,metrics_annual_tangibleAssetValue,metrics_annual_netCurrentAssetValue,market_derived_shares,reported_shares,weighted_shares_outstanding
2020-10-05,141.12,144.55,139.78,141.89,134168400,0.77,0.54563,142.07,TSLA,436,1406256678344,2.086,0,212.11-488.54,-23.46,-5.10599,135146121,90759093.8,"Tesla, Inc.",USD,0001318605,US88160R1014,88160R101,NASDAQ Global Select,NASDAQ,Auto - Manufacturers,https://www.tesla.com,Elon R. Musk,Consumer Cyclical,US,125665,512 516 8177,1 Tesla Road,Austin,TX,78725,https://images.financialmodelingprep.com/symbol/TSLA.png,2010-06-29,,,,,,,,,,,,,,,,,,,,,,,,,,,,,,,,,,,,,,,,,,,,,,,,,,,,,,,,,,,,,,,,,,,,,,,,,,,,,,,,,,,,,,,,,,,,,,,,,,,,,,,,,,,,,,,,,,,,,,,,,,,,,,,,,,,,,,,,,,,,,,,,,,,,,,,,,,,,,,,,,,,,,,,,,,,,,,,,,,,,,,,,,,,,,,,,,,,,9910893497.3853,,9910893497.3853
2020-10-06,141.26,142.93,135.35,137.99,147438900,-3.27,-2.31,138.76,TSLA,436,1406256678344,2.086,0,212.11-488.54,-23.46,-5.10599,135146121,90759093.8,"Tesla, Inc.",USD,0001318605,US88160R1014,88160R101,NASDAQ Global Select,NASDAQ,Auto - Manufacturers,https://www.tesla.com,Elon R. Musk,Consumer Cyclical,US,125665,512 516 8177,1 Tesla Road,Austin,TX,78725,https://images.financialmodelingprep.com/symbol/TSLA.png,2010-06-29,,,,,,,,,,,,,,,,,,,,,,,,,,,,,,,,,,,,,,,,,,,,,,,,,,,,,,,,,,,,,,,,,,,,,,,,,,,,,,,,,,,,,,,,,,,,,,,,,,,,,,,,,,,,,,,,,,,,,,,,,,,,,,,,,,,,,,,,,,,,,,,,,,,,,,,,,,,,,,,,,,,,,,,,,,,,,,,,,,,,,,,,,,,,,,,,,,,,10191004263.67128,,10191004263.67128
2020-10-07,139.96,143.3,137.95,141.77,129383100,1.81,1.29,141.01,TSLA,436,1406256678344,2.086,0,212.11-488.54,-23.46,-5.10599,135146121,90759093.8,"Tesla, Inc.",USD,0001318605,US88160R1014,88160R101,NASDAQ Global Select,NASDAQ,Auto - Manufacturers,https://www.tesla.com,Elon R. Musk,Consumer Cyclical,US,125665,512 516 8177,1 Tesla Road,Austin,TX,78725,https://images.financialmodelingprep.com/symbol/TSLA.png,2010-06-29,,,,,,,,,,,,,,,,,,,,,,,,,,,,,,,,,,,,,,,,,,,,,,,,,,,,,,,,,,,,,,,,,,,,,,,,,,,,,,,,,,,,,,,,,,,,,,,,,,,,,,,,,,,,,,,,,,,,,,,,,,,,,,,,,,,,,,,,,,,,,,,,,,,,,,,,,,,,,,,,,,,,,,,,,,,,,,,,,,,,,,,,,,,,,,,,,,,,9919282488.142765,,9919282488.142765
2020-10-08,146.15,146.33,141.77,141.97,121263300,-4.18,-2.86,143.36,TSLA,436,1406256678344,2.086,0,212.11-488.54,-23.46,-5.10599,135146121,90759093.8,"Tesla, Inc.",USD,0001318605,US88160R1014,88160R101,NASDAQ Global Select,NASDAQ,Auto - Manufacturers,https://www.tesla.com,Elon R. Musk,Consumer Cyclical,US,125665,512 516 8177,1 Tesla Road,Austin,TX,78725,https://images.financialmodelingprep.com/symbol/TSLA.png,2010-06-29,,,,,,,,,,,,,,,,,,,,,,,,,,,,,,,,,,,,,,,,,,,,,,,,,,,,,,,,,,,,,,,,,,,,,,,,,,,,,,,,,,,,,,,,,,,,,,,,,,,,,,,,,,,,,,,,,,,,,,,,,,,,,,,,,,,,,,,,,,,,,,,,,,,,,,,,,,,,,,,,,,,,,,,,,,,,,,,,,,,,,,,,,,,,,,,,,,,,9905308715.53145,,9905308715.53145
2020-10-09,143.38,144.86,142.15,144.67,86777100,1.29,0.89971,143.89,TSLA,436,1406256678344,2.086,0,212.11-488.54,-23.46,-5.10599,135146121,90759093.8,"Tesla, Inc.",USD,0001318605,US88160R1014,88160R101,NASDAQ Global Select,NASDAQ,Auto - Manufacturers,https://www.tesla.com,Elon R. Musk,Consumer Cyclical,US,125665,512 516 8177,1 Tesla Road,Austin,TX,78725,https://images.financialmodelingprep.com/symbol/TSLA.png,2010-06-29,,,,,,,,,,,,,,,,,,,,,,,,,,,,,,,,,,,,,,,,,,,,,,,,,,,,,,,,,,,,,,,,,,,,,,,,,,,,,,,,,,,,,,,,,,,,,,,,,,,,,,,,,,,,,,,,,,,,,,,,,,,,,,,,,,,,,,,,,,,,,,,,,,,,,,,,,,,,,,,,,,,,,,,,,,,,,,,,,,,,,,,,,,,,,,,,,,,,9720444310.11267,,9720444310.11267
2020-10-12,147.33,149.58,146.19,147.43,116373300,0.1,0.06787484,147.74,TSLA,436,1406256678344,2.086,0,212.11-488.54,-23.46,-5.10599,135146121,90759093.8,"Tesla, Inc.",USD,0001318605,US88160R1014,88160R101,NASDAQ Global Select,NASDAQ,Auto - Manufacturers,https://www.tesla.com,Elon R. Musk,Consumer Cyclical,US,125665,512 516 8177,1 Tesla Road,Austin,TX,78725,https://images.financialmodelingprep.com/symbol/TSLA.png,2010-06-29,,,,,,,,,,,,,,,,,,,,,,,,,,,,,,,,,,,,,,,,,,,,,,,,,,,,,,,,,,,,,,,,,,,,,,,,,,,,,,,,,,,,,,,,,,,,,,,,,,,,,,,,,,,,,,,,,,,,,,,,,,,,,,,,,,,,,,,,,,,,,,,,,,,,,,,,,,,,,,,,,,,,,,,,,,,,,,,,,,,,,,,,,,,,,,,,,,,,9538470313.667503,,9538470313.667503
2020-10-13,147.78,149.63,145.53,148.88,103391100,1.1,0.74435,148.02,TSLA,436,1406256678344,2.086,0,212.11-488.54,-23.46,-5.10599,135146121,90759093.8,"Tesla, Inc.",USD,0001318605,US88160R1014,88160R101,NASDAQ Global Select,NASDAQ,Auto - Manufacturers,https://www.tesla.com,Elon R. Musk,Consumer Cyclical,US,125665,512 516 8177,1 Tesla Road,Austin,TX,78725,https://images.financialmodelingprep.com/symbol/TSLA.png,2010-06-29,,,,,,,,,,,,,,,,,,,,,,,,,,,,,,,,,,,,,,,,,,,,,,,,,,,,,,,,,,,,,,,,,,,,,,,,,,,,,,,,,,,,,,,,,,,,,,,,,,,,,,,,,,,,,,,,,,,,,,,,,,,,,,,,,,,,,,,,,,,,,,,,,,,,,,,,,,,,,,,,,,,,,,,,,,,,,,,,,,,,,,,,,,,,,,,,,,,,9445571455.830198,,9445571455.830198
2020-10-14,149.93,155.3,149.12,153.77,143639100,3.84,2.56,152.73,TSLA,436,1406256678344,2.086,0,212.11-488.54,-23.46,-5.10599,135146121,90759093.8,"Tesla, Inc.",USD,0001318605,US88160R1014,88160R101,NASDAQ Global Select,NASDAQ,Auto - Manufacturers,https://www.tesla.com,Elon R. Musk,Consumer Cyclical,US,125665,512 516 8177,1 Tesla Road,Austin,TX,78725,https://images.financialmodelingprep.com/symbol/TSLA.png,2010-06-29,,,,,,,,,,,,,,,,,,,,,,,,,,,,,,,,,,,,,,,,,,,,,,,,,,,,,,,,,,,,,,,,,,,,,,,,,,,,,,,,,,,,,,,,,,,,,,,,,,,,,,,,,,,,,,,,,,,,,,,,,,,,,,,,,,,,,,,,,,,,,,,,,,,,,,,,,,,,,,,,,,,,,,,,,,,,,,,,,,,,,,,,,,,,,,,,,,,,9145195280.900045,,9145195280.900045
2020-10-15,150.1,152.19,147.5,149.63,107017200,-0.47,-0.31312,149.77,TSLA,436,1406256678344,2.086,0,212.11-488.54,-23.46,-5.10599,135146121,90759093.8,"Tesla, Inc.",USD,0001318605,US88160R1014,88160R101,NASDAQ Global Select,NASDAQ,Auto - Manufacturers,https://www.tesla.com,Elon R. Musk,Consumer Cyclical,US,125665,512 516 8177,1 Tesla Road,Austin,TX,78725,https://images.financialmodelingprep.com/symbol/TSLA.png,2010-06-29,,,,,,,,,,,,,,,,,,,,,,,,,,,,,,,,,,,,,,,,,,,,,,,,,,,,,,,,,,,,,,,,,,,,,,,,,,,,,,,,,,,,,,,,,,,,,,,,,,,,,,,,,,,,,,,,,,,,,,,,,,,,,,,,,,,,,,,,,,,,,,,,,,,,,,,,,,,,,,,,,,,,,,,,,,,,,,,,,,,,,,,,,,,,,,,,,,,,9398226815.103924,,9398226815.103924
2020-10-16,151.48,151.98,146.28,146.56,98327700,-4.92,-3.25,148.27,TSLA,436,1406256678344,2.086,0,212.11-488.54,-23.46,-5.10599,135146121,90759093.8,"Tesla, Inc.",USD,0001318605,US88160R1014,88160R101,NASDAQ Global Select,NASDAQ,Auto - Manufacturers,https://www.tesla.com,Elon R. Musk,Consumer Cyclical,US,125665,512 516 8177,1 Tesla Road,Austin,TX,78725,https://images.financialmodelingprep.com/symbol/TSLA.png,2010-06-29,,,,,,,,,,,,,,,,,,,,,,,,,,,,,,,,,,,,,,,,,,,,,,,,,,,,,,,,,,,,,,,,,,,,,,,,,,,,,,,,,,,,,,,,,,,,,,,,,,,,,,,,,,,,,,,,,,,,,,,,,,,,,,,,,,,,,,,,,,,,,,,,,,,,,,,,,,,,,,,,,,,,,,,,,,,,,,,,,,,,,,,,,,,,,,,,,,,,9595091964.683407,,9595091964.683407
2020-10-19,148.75,149.0,142.96,143.61,108863400,-5.14,-3.46,145.19,TSLA,436,1406256678344,2.086,0,212.11-488.54,-23.46,-5.10599,135146121,90759093.8,"Tesla, Inc.",USD,0001318605,US88160R1014,88160R101,NASDAQ Global Select,NASDAQ,Auto - Manufacturers,https://www.tesla.com,Elon R. Musk,Consumer Cyclical,US,125665,512 516 8177,1 Tesla Road,Austin,TX,78725,https://images.financialmodelingprep.com/symbol/TSLA.png,2010-06-29,,,,,,,,,,,,,,,,,,,,,,,,,,,,,,,,,,,,,,,,,,,,,,,,,,,,,,,,,,,,,,,,,,,,,,,,,,,,,,,,,,,,,,,,,,,,,,,,,,,,,,,,,,,,,,,,,,,,,,,,,,,,,,,,,,,,,,,,,,,,,,,,,,,,,,,,,,,,,,,,,,,,,,,,,,,,,,,,,,,,,,,,,,,,,,,,,,,,9792191897.110228,,9792191897.110228
2020-10-20,143.92,143.92,139.68,140.65,94968900,-3.27,-2.27,141.42,TSLA,436,1406256678344,2.086,0,212.11-488.54,-23.46,-5.10599,135146121,90759093.8,"Tesla, Inc.",USD,0001318605,US88160R1014,88160R101,NASDAQ Global Select,NASDAQ,Auto - Manufacturers,https://www.tesla.com,Elon R. Musk,Consumer Cyclical,US,125665,512 516 8177,1 Tesla Road,Austin,TX,78725,https://images.financialmodelingprep.com/symbol/TSLA.png,2010-06-29,,,,,,,,,,,,,,,,,,,,,,,,,,,,,,,,,,,,,,,,,,,,,,,,,,,,,,,,,,,,,,,,,,,,,,,,,,,,,,,,,,,,,,,,,,,,,,,,,,,,,,,,,,,,,,,,,,,,,,,,,,,,,,,,,,,,,,,,,,,,,,,,,,,,,,,,,,,,,,,,,,,,,,,,,,,,,,,,,,,,,,,,,,,,,,,,,,,,9998270020.220406,,9998270020.220406
2020-10-21,140.9,144.32,140.42,140.88,97111500,-0.02,-0.01419446,141.87,TSLA,436,1406256678344,2.086,0,212.11-488.54,-23.46,-5.10599,135146121,90759093.8,"Tesla, Inc.",USD,0001318605,US88160R1014,88160R101,NASDAQ Global Select,NASDAQ,Auto - Manufacturers,https://www.tesla.com,Elon R. Musk,Consumer Cyclical,US,125665,512 516 8177,1 Tesla Road,Austin,TX,78725,https://images.financialmodelingprep.com/symbol/TSLA.png,2010-06-29,,,,,,,,,,,,,,,,,,,,,,,,,,,,,,,,,,,,,,,,,,,,,,,,,,,,,,,,,,,,,,,,,,,,,,,,,,,,,,,,,,,,,,,,,,,,,,,,,,,,,,,,,,,,,,,,,,,,,,,,,,,,,,,,,,,,,,,,,,,,,,,,,,,,,,,,,,,,,,,,,,,,,,,,,,,,,,,,,,,,,,,,,,,,,,,,,,,,9981946893.412834,,9981946893.412834
2020-10-22,147.31,148.41,141.5,141.93,119979600,-5.38,-3.65,143.95,TSLA,436,1406256678344,2.086,0,212.11-488.54,-23.46,-5.10599,135146121,90759093.8,"Tesla, Inc.",USD,0001318605,US88160R1014,88160R101,NASDAQ Global Select,NASDAQ,Auto - Manufacturers,https://www.tesla.com,Elon R. Musk,Consumer Cyclical,US,125665,512 516 8177,1 Tesla Road,Austin,TX,78725,https://images.financialmodelingprep.com/symbol/TSLA.png,2010-06-29,,,,,,,,,,,,,,,,,,,,,,,,,,,,,,,,,,,,,,,,,,,,,,,,,,,,,,,,,,,,,,,,,,,,,,,,,,,,,,,,,,,,,,,,,,,,,,,,,,,,,,,,,,,,,,,,,,,,,,,,,,,,,,,,,,,,,,,,,,,,,,,,,,,,,,,,,,,,,,,,,,,,,,,,,,,,,,,,,,,,,,,,,,,,,,,,,,,,9908100319.481434,,9908100319.481434
2020-10-23,140.61,140.96,135.79,140.21,101151000,-0.4,-0.28447,138.99,TSLA,436,1406256678344,2.086,0,212.11-488.54,-23.46,-5.10599,135146121,90759093.8,"Tesla, Inc.",USD,0001318605,US88160R1014,88160R101,NASDAQ Global Select,NASDAQ,Auto - Manufacturers,https://www.tesla.com,Elon R. Musk,Consumer Cyclical,US,125665,512 516 8177,1 Tesla Road,Austin,TX,78725,https://images.financialmodelingprep.com/symbol/TSLA.png,2010-06-29,,,,,,,,,,,,,,,,,,,,,,,,,,,,,,,,,,,,,,,,,,,,,,,,,,,,,,,,,,,,,,,,,,,,,,,,,,,,,,,,,,,,,,,,,,,,,,,,,,,,,,,,,,,,,,,,,,,,,,,,,,,,,,,,,,,,,,,,,,,,,,,,,,,,,,,,,,,,,,,,,,,,,,,,,,,,,,,,,,,,,,,,,,,,,,,,,,,,10029646090.464302,,10029646090.464302
2020-10-26,137.21,141.92,136.67,140.09,84717600,2.88,2.1,139.56,TSLA,436,1406256678344,2.086,0,212.11-488.54,-23.46,-5.10599,135146121,90759093.8,"Tesla, Inc.",USD,0001318605,US88160R1014,88160R101,NASDAQ Global Select,NASDAQ,Auto - Manufacturers,https://www.tesla.com,Elon R. Musk,Consumer Cyclical,US,125665,512 516 8177,1 Tesla Road,Austin,TX,78725,https://images.financialmodelingprep.com/symbol/TSLA.png,2010-06-29,,,,,,,,,,,,,,,,,,,,,,,,,,,,,,,,,,,,,,,,,,,,,,,,,,,,,,,,,,,,,,,,,,,,,,,,,,,,,,,,,,,,,,,,,,,,,,,,,,,,,,,,,,,,,,,,,,,,,,,,,,,,,,,,,,,,,,,,,,,,,,,,,,,,,,,,,,,,,,,,,,,,,,,,,,,,,,,,,,,,,,,,,,,,,,,,,,,,10038237406.981226,,10038237406.981226
2020-10-27,141.25,143.5,140.03,141.56,68059500,0.31,0.21947,141.7,TSLA,436,1406256678344,2.086,0,212.11-488.54,-23.46,-5.10599,135146121,90759093.8,"Tesla, Inc.",USD,0001318605,US88160R1014,88160R101,NASDAQ Global Select,NASDAQ,Auto - Manufacturers,https://www.tesla.com,Elon R. Musk,Consumer Cyclical,US,125665,512 516 8177,1 Tesla Road,Austin,TX,78725,https://images.financialmodelingprep.com/symbol/TSLA.png,2010-06-29,,,,,,,,,,,,,,,,,,,,,,,,,,,,,,,,,,,,,,,,,,,,,,,,,,,,,,,,,,,,,,,,,,,,,,,,,,,,,,,,,,,,,,,,,,,,,,,,,,,,,,,,,,,,,,,,,,,,,,,,,,,,,,,,,,,,,,,,,,,,,,,,,,,,,,,,,,,,,,,,,,,,,,,,,,,,,,,,,,,,,,,,,,,,,,,,,,,,9933997445.210512,,9933997445.210512
2020-10-28,138.83,139.53,135.33,135.34,76354200,-3.49,-2.51,136.74,TSLA,436,1406256678344,2.086,0,212.11-488.54,-23.46,-5.10599,135146121,90759093.8,"Tesla, Inc.",USD,0001318605,US88160R1014,88160R101,NASDAQ Global Select,NASDAQ,Auto - Manufacturers,https://www.tesla.com,Elon R. Musk,Consumer Cyclical,US,125665,512 516 8177,1 Tesla Road,Austin,TX,78725,https://images.financialmodelingprep.com/symbol/TSLA.png,2010-06-29,,,,,,,,,,,,,,,,,,,,,,,,,,,,,,,,,,,,,,,,,,,,,,,,,,,,,,,,,,,,,,,,,,,,,,,,,,,,,,,,,,,,,,,,,,,,,,,,,,,,,,,,,,,,,,,,,,,,,,,,,,,,,,,,,,,,,,,,,,,,,,,,,,,,,,,,,,,,,,,,,,,,,,,,,,,,,,,,,,,,,,,,,,,,,,,,,,,,10390547349.963057,,10390547349.963057
2020-10-29,136.65,139.35,135.49,136.94,67965900,0.29,0.21222,137.26,TSLA,436,1406256678344,2.086,0,212.11-488.54,-23.46,-5.10599,135146121,90759093.8,"Tesla, Inc.",USD,0001318605,US88160R1014,88160R101,NASDAQ Global Select,NASDAQ,Auto - Manufacturers,https://www.tesla.com,Elon R. Musk,Consumer Cyclical,US,125665,512 516 8177,1 Tesla Road,Austin,TX,78725,https://images.financialmodelingprep.com/symbol/TSLA.png,2010-06-29,,,,,,,,,,,,,,,,,,,,,,,,,,,,,,,,,,,,,,,,,,,,,,,,,,,,,,,,,,,,,,,,,,,,,,,,,,,,,,,,,,,,,,,,,,,,,,,,,,,,,,,,,,,,,,,,,,,,,,,,,,,,,,,,,,,,,,,,,,,,,,,,,,,,,,,,,,,,,,,,,,,,,,,,,,,,,,,,,,,,,,,,,,,,,,,,,,,,10269144722.827517,,10269144722.827517
2020-10-30,135.63,135.86,126.37,129.35,127533900,-6.28,-4.63,130.53,TSLA,436,1406256678344,2.086,0,212.11-488.54,-23.46,-5.10599,135146121,90759093.8,"Tesla, Inc.",USD,0001318605,US88160R1014,88160R101,NASDAQ Global Select,NASDAQ,Auto - Manufacturers,https://www.tesla.com,Elon R. Musk,Consumer Cyclical,US,125665,512 516 8177,1 Tesla Road,Austin,TX,78725,https://images.financialmodelingprep.com/symbol/TSLA.png,2010-06-29,,,,,,,,,,,,,,,,,,,,,,,,,,,,,,,,,,,,,,,,,,,,,,,,,,,,,,,,,,,,,,,,,,,,,,,,,,,,,,,,,,,,,,,,,,,,,,,,,,,,,,,,,,,,,,,,,,,,,,,,,,,,,,,,,,,,,,,,,,,,,,,,,,,,,,,,,,,,,,,,,,,,,,,,,,,,,,,,,,,,,,,,,,,,,,,,,,,,10871717652.44685,,10871717652.44685
2020-11-02,131.33,135.66,130.77,133.5,87063300,2.17,1.65,133.31,TSLA,436,1406256678344,2.086,0,212.11-488.54,-23.46,-5.10599,135146121,90759093.8,"Tesla, Inc.",USD,0001318605,US88160R1014,88160R101,NASDAQ Global Select,NASDAQ,Auto - Manufacturers,https://www.tesla.com,Elon R. Musk,Consumer Cyclical,US,125665,512 516 8177,1 Tesla Road,Austin,TX,78725,https://images.financialmodelingprep.com/symbol/TSLA.png,2010-06-29,,,,,,,,,,,,,,,,,,,,,,,,,,,,,,,,,,,,,,,,,,,,,,,,,,,,,,,,,,,,,,,,,,,,,,,,,,,,,,,,,,,,,,,,,,,,,,,,,,,,,,,,,,,,,,,,,,,,,,,,,,,,,,,,,,,,,,,,,,,,,,,,,,,,,,,,,,,,,,,,,,,,,,,,,,,,,,,,,,,,,,,,,,,,,,,,,,,,10533757890.217228,,10533757890.217228
2020-11-03,136.58,142.59,135.56,141.3,103055100,4.72,3.46,139.82,TSLA,436,1406256678344,2.086,0,212.11-488.54,-23.46,-5.10599,135146121,90759093.8,"Tesla, Inc.",USD,0001318605,US88160R1014,88160R101,NASDAQ Global Select,NASDAQ,Auto - Manufacturers,https://www.tesla.com,Elon R. Musk,Consumer Cyclical,US,125665,512 516 8177,1 Tesla Road,Austin,TX,78725,https://images.financialmodelingprep.com/symbol/TSLA.png,2010-06-29,,,,,,,,,,,,,,,,,,,,,,,,,,,,,,,,,,,,,,,,,,,,,,,,,,,,,,,,,,,,,,,,,,,,,,,,,,,,,,,,,,,,,,,,,,,,,,,,,,,,,,,,,,,,,,,,,,,,,,,,,,,,,,,,,,,,,,,,,,,,,,,,,,,,,,,,,,,,,,,,,,,,,,,,,,,,,,,,,,,,,,,,,,,,,,,,,,,,9952276562.94409,,9952276562.94409
2020-11-04,143.54,145.13,139.03,140.33,96429300,-3.21,-2.24,141.5,TSLA,436,1406256678344,2.086,0,212.11-488.54,-23.46,-5.10599,135146121,90759093.8,"Tesla, Inc.",USD,0001318605,US88160R1014,88160R101,NASDAQ Global Select,NASDAQ,Auto - Manufacturers,https://www.tesla.com,Elon R. Musk,Consumer Cyclical,US,125665,512 516 8177,1 Tesla Road,Austin,TX,78725,https://images.financialmodelingprep.com/symbol/TSLA.png,2010-06-29,,,,,,,,,,,,,,,,,,,,,,,,,,,,,,,,,,,,,,,,,,,,,,,,,,,,,,,,,,,,,,,,,,,,,,,,,,,,,,,,,,,,,,,,,,,,,,,,,,,,,,,,,,,,,,,,,,,,,,,,,,,,,,,,,,,,,,,,,,,,,,,,,,,,,,,,,,,,,,,,,,,,,,,,,,,,,,,,,,,,,,,,,,,,,,,,,,,,10021069467.284258,,10021069467.284258
2020-11-05,142.77,146.67,141.33,146.03,85243500,3.26,2.28,144.68,TSLA,436,1406256678344,2.086,0,212.11-488.54,-23.46,-5.10599,135146121,90759093.8,"Tesla, Inc.",USD,0001318605,US88160R1014,88160R101,NASDAQ Global Select,NASDAQ,Auto - Manufacturers,https://www.tesla.com,Elon R. Musk,Consumer Cyclical,US,125665,512 516 8177,1 Tesla Road,Austin,TX,78725,https://images.financialmodelingprep.com/symbol/TSLA.png,2010-06-29,,,,,,,,,,,,,,,,,,,,,,,,,,,,,,,,,,,,,,,,,,,,,,,,,,,,,,,,,,,,,,,,,,,,,,,,,,,,,,,,,,,,,,,,,,,,,,,,,,,,,,,,,,,,,,,,,,,,,,,,,,,,,,,,,,,,,,,,,,,,,,,,,,,,,,,,,,,,,,,,,,,,,,,,,,,,,,,,,,,,,,,,,,,,,,,,,,,,9629916307.224543,,9629916307.224543
2020-11-06,145.37,145.52,141.43,143.32,65118000,-2.05,-1.41,143.42,TSLA,436,1406256678344,2.086,0,212.11-488.54,-23.46,-5.10599,135146121,90759093.8,"Tesla, Inc.",USD,0001318605,US88160R1014,88160R101,NASDAQ Global Select,NASDAQ,Auto - Manufacturers,https://www.tesla.com,Elon R. Musk,Consumer Cyclical,US,125665,512 516 8177,1 Tesla Road,Austin,TX,78725,https://images.financialmodelingprep.com/symbol/TSLA.png,2010-06-29,,,,,,,,,,,,,,,,,,,,,,,,,,,,,,,,,,,,,,,,,,,,,,,,,,,,,,,,,,,,,,,,,,,,,,,,,,,,,,,,,,,,,,,,,,,,,,,,,,,,,,,,,,,,,,,,,,,,,,,,,,,,,,,,,,,,,,,,,,,,,,,,,,,,,,,,,,,,,,,,,,,,,,,,,,,,,,,,,,,,,,,,,,,,,,,,,,,,9812005849.455763,,9812005849.455763
2020-11-09,146.5,150.83,140.33,140.42,104499000,-6.08,-4.15,143.86,TSLA,436,1406256678344,2.086,0,212.11-488.54,-23.46,-5.10599,135146121,90759093.8,"Tesla, Inc.",USD,0001318605,US88160R1014,88160R101,NASDAQ Global Select,NASDAQ,Auto - Manufacturers,https://www.tesla.com,Elon R. Musk,Consumer Cyclical,US,125665,512 516 8177,1 Tesla Road,Austin,TX,78725,https://images.financialmodelingprep.com/symbol/TSLA.png,2010-06-29,,,,,,,,,,,,,,,,,,,,,,,,,,,,,,,,,,,,,,,,,,,,,,,,,,,,,,,,,,,,,,,,,,,,,,,,,,,,,,,,,,,,,,,,,,,,,,,,,,,,,,,,,,,,,,,,,,,,,,,,,,,,,,,,,,,,,,,,,,,,,,,,,,,,,,,,,,,,,,,,,,,,,,,,,,,,,,,,,,,,,,,,,,,,,,,,,,,,10014646619.740778,,10014646619.740778
2020-11-10,140.03,140.03,132.01,136.79,90852600,-3.24,-2.31,136.28,TSLA,436,1406256678344,2.086,0,212.11-488.54,-23.46,-5.10599,135146121,90759093.8,"Tesla, Inc.",USD,0001318605,US88160R1014,88160R101,NASDAQ Global Select,NASDAQ,Auto - Manufacturers,https://www.tesla.com,Elon R. Musk,Consumer Cyclical,US,125665,512 516 8177,1 Tesla Road,Austin,TX,78725,https://images.financialmodelingprep.com/symbol/TSLA.png,2010-06-29,,,,,,,,,,,,,,,,,,,,,,,,,,,,,,,,,,,,,,,,,,,,,,,,,,,,,,,,,,,,,,,,,,,,,,,,,,,,,,,,,,,,,,,,,,,,,,,,,,,,,,,,,,,,,,,,,,,,,,,,,,,,,,,,,,,,,,,,,,,,,,,,,,,,,,,,,,,,,,,,,,,,,,,,,,,,,,,,,,,,,,,,,,,,,,,,,,,,10280405573.097448,,10280405573.097448
2020-11-11,138.82,139.57,136.86,139.04,52073100,0.22,0.15848,138.49,TSLA,436,1406256678344,2.086,0,212.11-488.54,-23.46,-5.10599,135146121,90759093.8,"Tesla, Inc.",USD,0001318605,US88160R1014,88160R101,NASDAQ Global Select,NASDAQ,Auto - Manufacturers,https://www.tesla.com,Elon R. Musk,Consumer Cyclical,US,125665,512 516 8177,1 Tesla Road,Austin,TX,78725,https://images.financialmodelingprep.com/symbol/TSLA.png,2010-06-29,,,,,,,,,,,,,,,,,,,,,,,,,,,,,,,,,,,,,,,,,,,,,,,,,,,,,,,,,,,,,,,,,,,,,,,,,,,,,,,,,,,,,,,,,,,,,,,,,,,,,,,,,,,,,,,,,,,,,,,,,,,,,,,,,,,,,,,,,,,,,,,,,,,,,,,,,,,,,,,,,,,,,,,,,,,,,,,,,,,,,,,,,,,,,,,,,,,,10114044004.200232,,10114044004.200232
2020-11-12,138.35,141.0,136.51,137.25,59565300,-1.1,-0.79508,138.25,TSLA,436,1406256678344,2.086,0,212.11-488.54,-23.46,-5.10599,135146121,90759093.8,"Tesla, Inc.",USD,0001318605,US88160R1014,88160R101,NASDAQ Global Select,NASDAQ,Auto - Manufacturers,https://www.tesla.com,Elon R. Musk,Consumer Cyclical,US,125665,512 516 8177,1 Tesla Road,Austin,TX,78725,https://images.financialmodelingprep.com/symbol/TSLA.png,2010-06-29,,,,,,,,,,,,,,,,,,,,,,,,,,,,,,,,,,,,,,,,,,,,,,,,,,,,,,,,,,,,,,,,,,,,,,,,,,,,,,,,,,,,,,,,,,,,,,,,,,,,,,,,,,,,,,,,,,,,,,,,,,,,,,,,,,,,,,,,,,,,,,,,,,,,,,,,,,,,,,,,,,,,,,,,,,,,,,,,,,,,,,,,,,,,,,,,,,,,10245950297.588343,,10245950297.588343
2020-11-13,136.95,137.51,133.89,136.17,59313300,-0.78,-0.56955,135.85,TSLA,436,1406256678344,2.086,0,212.11-488.54,-23.46,-5.10599,135146121,90759093.8,"Tesla, Inc.",USD,0001318605,US88160R1014,88160R101,NASDAQ Global Select,NASDAQ,Auto - Manufacturers,https://www.tesla.com,Elon R. Musk,Consumer Cyclical,US,125665,512 516 8177,1 Tesla Road,Austin,TX,78725,https://images.financialmodelingprep.com/symbol/TSLA.png,2010-06-29,,,,,,,,,,,,,,,,,,,,,,,,,,,,,,,,,,,,,,,,,,,,,,,,,,,,,,,,,,,,,,,,,,,,,,,,,,,,,,,,,,,,,,,,,,,,,,,,,,,,,,,,,,,,,,,,,,,,,,,,,,,,,,,,,,,,,,,,,,,,,,,,,,,,,,,,,,,,,,,,,,,,,,,,,,,,,,,,,,,,,,,,,,,,,,,,,,,,10327213617.86003,,10327213617.86003
2020-11-16,136.31,137.48,134.7,136.03,80515800,-0.28,-0.20541,136.07,TSLA,436,1406256678344,2.086,0,212.11-488.54,-23.46,-5.10599,135146121,90759093.8,"Tesla, Inc.",USD,0001318605,US88160R1014,88160R101,NASDAQ Global Select,NASDAQ,Auto - Manufacturers,https://www.tesla.com,Elon R. Musk,Consumer Cyclical,US,125665,512 516 8177,1 Tesla Road,Austin,TX,78725,https://images.financialmodelingprep.com/symbol/TSLA.png,2010-06-29,,,,,,,,,,,,,,,,,,,,,,,,,,,,,,,,,,,,,,,,,,,,,,,,,,,,,,,,,,,,,,,,,,,,,,,,,,,,,,,,,,,,,,,,,,,,,,,,,,,,,,,,,,,,,,,,,,,,,,,,,,,,,,,,,,,,,,,,,,,,,,,,,,,,,,,,,,,,,,,,,,,,,,,,,,,,,,,,,,,,,,,,,,,,,,,,,,,,10337842228.508417,,10337842228.508417
2020-11-17,153.39,154.0,144.34,147.2,183564900,-6.19,-4.04,148.51,TSLA,436,1406256678344,2.086,0,212.11-488.54,-23.46,-5.10599,135146121,90759093.8,"Tesla, Inc.",USD,0001318605,US88160R1014,88160R101,NASDAQ Global Select,NASDAQ,Auto - Manufacturers,https://www.tesla.com,Elon R. Musk,Consumer Cyclical,US,125665,512 516 8177,1 Tesla Road,Austin,TX,78725,https://images.financialmodelingprep.com/symbol/TSLA.png,2010-06-29,,,,,,,,,,,,,,,,,,,,,,,,,,,,,,,,,,,,,,,,,,,,,,,,,,,,,,,,,,,,,,,,,,,,,,,,,,,,,,,,,,,,,,,,,,,,,,,,,,,,,,,,,,,,,,,,,,,,,,,,,,,,,,,,,,,,,,,,,,,,,,,,,,,,,,,,,,,,,,,,,,,,,,,,,,,,,,,,,,,,,,,,,,,,,,,,,,,,9553374173.53261,,9553374173.53261
2020-11-18,149.45,165.33,147.83,162.21,234132000,12.76,8.54,158.46,TSLA,436,1406256678344,2.086,0,212.11-488.54,-23.46,-5.10599,135146121,90759093.8,"Tesla, Inc.",USD,0001318605,US88160R1014,88160R101,NASDAQ Global Select,NASDAQ,Auto - Manufacturers,https://www.tesla.com,Elon R. Musk,Consumer Cyclical,US,125665,512 516 8177,1 Tesla Road,Austin,TX,78725,https://images.financialmodelingprep.com/symbol/TSLA.png,2010-06-29,,,,,,,,,,,,,,,,,,,,,,,,,,,,,,,,,,,,,,,,,,,,,,,,,,,,,,,,,,,,,,,,,,,,,,,,,,,,,,,,,,,,,,,,,,,,,,,,,,,,,,,,,,,,,,,,,,,,,,,,,,,,,,,,,,,,,,,,,,,,,,,,,,,,,,,,,,,,,,,,,,,,,,,,,,,,,,,,,,,,,,,,,,,,,,,,,,,,8669358722.298254,,8669358722.298254
2020-11-19,164.0,169.54,162.52,166.42,187425900,2.42,1.48,166.16,TSLA,436,1406256678344,2.086,0,212.11-488.54,-23.46,-5.10599,135146121,90759093.8,"Tesla, Inc.",USD,0001318605,US88160R1014,88160R101,NASDAQ Global Select,NASDAQ,Auto - Manufacturers,https://www.tesla.com,Elon R. Musk,Consumer Cyclical,US,125665,512 516 8177,1 Tesla Road,Austin,TX,78725,https://images.financialmodelingprep.com/symbol/TSLA.png,2010-06-29,,,,,,,,,,,,,,,,,,,,,,,,,,,,,,,,,,,,,,,,,,,,,,,,,,,,,,,,,,,,,,,,,,,,,,,,,,,,,,,,,,,,,,,,,,,,,,,,,,,,,,,,,,,,,,,,,,,,,,,,,,,,,,,,,,,,,,,,,,,,,,,,,,,,,,,,,,,,,,,,,,,,,,,,,,,,,,,,,,,,,,,,,,,,,,,,,,,,8450046138.348757,,8450046138.348757
2020-11-20,166.0,167.5,163.02,163.2,98735700,-2.8,-1.69,164.57,TSLA,436,1406256678344,2.086,0,212.11-488.54,-23.46,-5.10599,135146121,90759093.8,"Tesla, Inc.",USD,0001318605,US88160R1014,88160R101,NASDAQ Global Select,NASDAQ,Auto - Manufacturers,https://www.tesla.com,Elon R. Musk,Consumer Cyclical,US,125665,512 516 8177,1 Tesla Road,Austin,TX,78725,https://images.financialmodelingprep.com/symbol/TSLA.png,2010-06-29,,,,,,,,,,,,,,,,,,,,,,,,,,,,,,,,,,,,,,,,,,,,,,,,,,,,,,,,,,,,,,,,,,,,,,,,,,,,,,,,,,,,,,,,,,,,,,,,,,,,,,,,,,,,,,,,,,,,,,,,,,,,,,,,,,,,,,,,,,,,,,,,,,,,,,,,,,,,,,,,,,,,,,,,,,,,,,,,,,,,,,,,,,,,,,,,,,,,8616768862.401962,,8616768862.401962
2020-11-23,167.83,175.33,167.26,173.95,150780900,6.12,3.65,172.18,TSLA,436,1406256678344,2.086,0,212.11-488.54,-23.46,-5.10599,135146121,90759093.8,"Tesla, Inc.",USD,0001318605,US88160R1014,88160R101,NASDAQ Global Select,NASDAQ,Auto - Manufacturers,https://www.tesla.com,Elon R. Musk,Consumer Cyclical,US,125665,512 516 8177,1 Tesla Road,Austin,TX,78725,https://images.financialmodelingprep.com/symbol/TSLA.png,2010-06-29,,,,,,,,,,,,,,,,,,,,,,,,,,,,,,,,,,,,,,,,,,,,,,,,,,,,,,,,,,,,,,,,,,,,,,,,,,,,,,,,,,,,,,,,,,,,,,,,,,,,,,,,,,,,,,,,,,,,,,,,,,,,,,,,,,,,,,,,,,,,,,,,,,,,,,,,,,,,,,,,,,,,,,,,,,,,,,,,,,,,,,,,,,,,,,,,,,,,8084257995.653924,,8084257995.653924
2020-11-24,180.13,186.66,175.4,185.13,160945500,5.0,2.78,182.4,TSLA,436,1406256678344,2.086,0,212.11-488.54,-23.46,-5.10599,135146121,90759093.8,"Tesla, Inc.",USD,0001318605,US88160R1014,88160R101,NASDAQ Global Select,NASDAQ,Auto - Manufacturers,https://www.tesla.com,Elon R. Musk,Consumer Cyclical,US,125665,512 516 8177,1 Tesla Road,Austin,TX,78725,https://images.financialmodelingprep.com/symbol/TSLA.png,2010-06-29,,,,,,,,,,,,,,,,,,,,,,,,,,,,,,,,,,,,,,,,,,,,,,,,,,,,,,,,,,,,,,,,,,,,,,,,,,,,,,,,,,,,,,,,,,,,,,,,,,,,,,,,,,,,,,,,,,,,,,,,,,,,,,,,,,,,,,,,,,,,,,,,,,,,,,,,,,,,,,,,,,,,,,,,,,,,,,,,,,,,,,,,,,,,,,,,,,,,7596049685.863988,,7596049685.863988
2020-11-25,183.35,191.33,181.79,191.33,146790600,7.98,4.35,188.15,TSLA,436,1406256678344,2.086,0,212.11-488.54,-23.46,-5.10599,135146121,90759093.8,"Tesla, Inc.",USD,0001318605,US88160R1014,88160R101,NASDAQ Global Select,NASDAQ,Auto - Manufacturers,https://www.tesla.com,Elon R. Musk,Consumer Cyclical,US,125665,512 516 8177,1 Tesla Road,Austin,TX,78725,https://images.financialmodelingprep.com/symbol/TSLA.png,2010-06-29,,,,,,,,,,,,,,,,,,,,,,,,,,,,,,,,,,,,,,,,,,,,,,,,,,,,,,,,,,,,,,,,,,,,,,,,,,,,,,,,,,,,,,,,,,,,,,,,,,,,,,,,,,,,,,,,,,,,,,,,,,,,,,,,,,,,,,,,,,,,,,,,,,,,,,,,,,,,,,,,,,,,,,,,,,,,,,,,,,,,,,,,,,,,,,,,,,,,7349901627.261799,,7349901627.261799
2020-11-27,193.72,199.59,192.82,195.25,112683300,1.53,0.7898,195.89,TSLA,436,1406256678344,2.086,0,212.11-488.54,-23.46,-5.10599,135146121,90759093.8,"Tesla, Inc.",USD,0001318605,US88160R1014,88160R101,NASDAQ Global Select,NASDAQ,Auto - Manufacturers,https://www.tesla.com,Elon R. Musk,Consumer Cyclical,US,125665,512 516 8177,1 Tesla Road,Austin,TX,78725,https://images.financialmodelingprep.com/symbol/TSLA.png,2010-06-29,,,,,,,,,,,,,,,,,,,,,,,,,,,,,,,,,,,,,,,,,,,,,,,,,,,,,,,,,,,,,,,,,,,,,,,,,,,,,,,,,,,,,,,,,,,,,,,,,,,,,,,,,,,,,,,,,,,,,,,,,,,,,,,,,,,,,,,,,,,,,,,,,,,,,,,,,,,,,,,,,,,,,,,,,,,,,,,,,,,,,,,,,,,,,,,,,,,,7202338941.582586,,7202338941.582586
2020-11-30,200.74,202.6,184.84,189.2,189009300,-11.54,-5.75,192.21,TSLA,436,1406256678344,2.086,0,212.11-488.54,-23.46,-5.10599,135146121,90759093.8,"Tesla, Inc.",USD,0001318605,US88160R1014,88160R101,NASDAQ Global Select,NASDAQ,Auto - Manufacturers,https://www.tesla.com,Elon R. Musk,Consumer Cyclical,US,125665,512 516 8177,1 Tesla Road,Austin,TX,78725,https://images.financialmodelingprep.com/symbol/TSLA.png,2010-06-29,,,,,,,,,,,,,,,,,,,,,,,,,,,,,,,,,,,,,,,,,,,,,,,,,,,,,,,,,,,,,,,,,,,,,,,,,,,,,,,,,,,,,,,,,,,,,,,,,,,,,,,,,,,,,,,,,,,,,,,,,,,,,,,,,,,,,,,,,,,,,,,,,,,,,,,,,,,,,,,,,,,,,,,,,,,,,,,,,,,,,,,,,,,,,,,,,,,,7432646291.458775,,7432646291.458775
2020-12-01,199.2,199.28,190.68,194.92,120310500,-4.28,-2.15,194.96,TSLA,436,1406256678344,2.086,0,212.11-488.54,-23.46,-5.10599,135146121,90759093.8,"Tesla, Inc.",USD,0001318605,US88160R1014,88160R101,NASDAQ Global Select,NASDAQ,Auto - Manufacturers,https://www.tesla.com,Elon R. Musk,Consumer Cyclical,US,125665,512 516 8177,1 Tesla Road,Austin,TX,78725,https://images.financialmodelingprep.com/symbol/TSLA.png,2010-06-29,,,,,,,,,,,,,,,,,,,,,,,,,,,,,,,,,,,,,,,,,,,,,,,,,,,,,,,,,,,,,,,,,,,,,,,,,,,,,,,,,,,,,,,,,,,,,,,,,,,,,,,,,,,,,,,,,,,,,,,,,,,,,,,,,,,,,,,,,,,,,,,,,,,,,,,,,,,,,,,,,,,,,,,,,,,,,,,,,,,,,,,,,,,,,,,,,,,,7214532517.668788,,7214532517.668788
2020-12-02,185.48,190.51,180.4,189.61,143327100,4.13,2.23,186.84,TSLA,436,1406256678344,2.086,0,212.11-488.54,-23.46,-5.10599,135146121,90759093.8,"Tesla, Inc.",USD,0001318605,US88160R1014,88160R101,NASDAQ Global Select,NASDAQ,Auto - Manufacturers,https://www.tesla.com,Elon R. Musk,Consumer Cyclical,US,125665,512 516 8177,1 Tesla Road,Austin,TX,78725,https://images.financialmodelingprep.com/symbol/TSLA.png,2010-06-29,,,,,,,,,,,,,,,,,,,,,,,,,,,,,,,,,,,,,,,,,,,,,,,,,,,,,,,,,,,,,,,,,,,,,,,,,,,,,,,,,,,,,,,,,,,,,,,,,,,,,,,,,,,,,,,,,,,,,,,,,,,,,,,,,,,,,,,,,,,,,,,,,,,,,,,,,,,,,,,,,,,,,,,,,,,,,,,,,,,,,,,,,,,,,,,,,,,,7416574433.542534,,7416574433.542534
2020-12-03,196.67,199.66,194.14,197.79,127656000,1.12,0.56948,197.2,TSLA,436,1406256678344,2.086,0,212.11-488.54,-23.46,-5.10599,135146121,90759093.8,"Tesla, Inc.",USD,0001318605,US88160R1014,88160R101,NASDAQ Global Select,NASDAQ,Auto - Manufacturers,https://www.tesla.com,Elon R. Musk,Consumer Cyclical,US,125665,512 516 8177,1 Tesla Road,Austin,TX,78725,https://images.financialmodelingprep.com/symbol/TSLA.png,2010-06-29,,,,,,,,,,,,,,,,,,,,,,,,,,,,,,,,,,,,,,,,,,,,,,,,,,,,,,,,,,,,,,,,,,,,,,,,,,,,,,,,,,,,,,,,,,,,,,,,,,,,,,,,,,,,,,,,,,,,,,,,,,,,,,,,,,,,,,,,,,,,,,,,,,,,,,,,,,,,,,,,,,,,,,,,,,,,,,,,,,,,,,,,,,,,,,,,,,,,7109847203.316649,,7109847203.316649
2020-12-04,197.0,199.68,195.17,199.68,88203900,2.68,1.36,198.18,TSLA,436,1406256678344,2.086,0,212.11-488.54,-23.46,-5.10599,135146121,90759093.8,"Tesla, Inc.",USD,0001318605,US88160R1014,88160R101,NASDAQ Global Select,NASDAQ,Auto - Manufacturers,https://www.tesla.com,Elon R. Musk,Consumer Cyclical,US,125665,512 516 8177,1 Tesla Road,Austin,TX,78725,https://images.financialmodelingprep.com/symbol/TSLA.png,2010-06-29,,,,,,,,,,,,,,,,,,,,,,,,,,,,,,,,,,,,,,,,,,,,,,,,,,,,,,,,,,,,,,,,,,,,,,,,,,,,,,,,,,,,,,,,,,,,,,,,,,,,,,,,,,,,,,,,,,,,,,,,,,,,,,,,,,,,,,,,,,,,,,,,,,,,,,,,,,,,,,,,,,,,,,,,,,,,,,,,,,,,,,,,,,,,,,,,,,,,7042551474.078526,,7042551474.078526
2020-12-07,201.64,216.26,201.02,213.92,168929100,12.28,6.09,210.4,TSLA,436,1406256678344,2.086,0,212.11-488.54,-23.46,-5.10599,135146121,90759093.8,"Tesla, Inc.",USD,0001318605,US88160R1014,88160R101,NASDAQ Global Select,NASDAQ,Auto - Manufacturers,https://www.tesla.com,Elon R. Musk,Consumer Cyclical,US,125665,512 516 8177,1 Tesla Road,Austin,TX,78725,https://images.financialmodelingprep.com/symbol/TSLA.png,2010-06-29,,,,,,,,,,,,,,,,,,,,,,,,,,,,,,,,,,,,,,,,,,,,,,,,,,,,,,,,,,,,,,,,,,,,,,,,,,,,,,,,,,,,,,,,,,,,,,,,,,,,,,,,,,,,,,,,,,,,,,,,,,,,,,,,,,,,,,,,,,,,,,,,,,,,,,,,,,,,,,,,,,,,,,,,,,,,,,,,,,,,,,,,,,,,,,,,,,,,6573750366.230367,,6573750366.230367
2020-12-08,208.5,217.09,206.17,216.63,192795000,8.13,3.9,213.3,TSLA,436,1406256678344,2.086,0,212.11-488.54,-23.46,-5.10599,135146121,90759093.8,"Tesla, Inc.",USD,0001318605,US88160R1014,88160R101,NASDAQ Global Select,NASDAQ,Auto - Manufacturers,https://www.tesla.com,Elon R. Musk,Consumer Cyclical,US,125665,512 516 8177,1 Tesla Road,Austin,TX,78725,https://images.financialmodelingprep.com/symbol/TSLA.png,2010-06-29,,,,,,,,,,,,,,,,,,,,,,,,,,,,,,,,,,,,,,,,,,,,,,,,,,,,,,,,,,,,,,,,,,,,,,,,,,,,,,,,,,,,,,,,,,,,,,,,,,,,,,,,,,,,,,,,,,,,,,,,,,,,,,,,,,,,,,,,,,,,,,,,,,,,,,,,,,,,,,,,,,,,,,,,,,,,,,,,,,,,,,,,,,,,,,,,,,,,6491514002.418871,,6491514002.418871
2020-12-09,217.9,218.11,196.0,201.49,213873600,-16.41,-7.53,205.2,TSLA,436,1406256678344,2.086,0,212.11-488.54,-23.46,-5.10599,135146121,90759093.8,"Tesla, Inc.",USD,0001318605,US88160R1014,88160R101,NASDAQ Global Select,NASDAQ,Auto - Manufacturers,https://www.tesla.com,Elon R. Musk,Consumer Cyclical,US,125665,512 516 8177,1 Tesla Road,Austin,TX,78725,https://images.financialmodelingprep.com/symbol/TSLA.png,2010-06-29,,,,,,,,,,,,,,,,,,,,,,,,,,,,,,,,,,,,,,,,,,,,,,,,,,,,,,,,,,,,,,,,,,,,,,,,,,,,,,,,,,,,,,,,,,,,,,,,,,,,,,,,,,,,,,,,,,,,,,,,,,,,,,,,,,,,,,,,,,,,,,,,,,,,,,,,,,,,,,,,,,,,,,,,,,,,,,,,,,,,,,,,,,,,,,,,,,,,6979287698.367165,,6979287698.367165
2020-12-10,191.46,209.25,188.78,209.02,201249600,17.56,9.17,202.35,TSLA,436,1406256678344,2.086,0,212.11-488.54,-23.46,-5.10599,135146121,90759093.8,"Tesla, Inc.",USD,0001318605,US88160R1014,88160R101,NASDAQ Global Select,NASDAQ,Auto - Manufacturers,https://www.tesla.com,Elon R. Musk,Consumer Cyclical,US,125665,512 516 8177,1 Tesla Road,Austin,TX,78725,https://images.financialmodelingprep.com/symbol/TSLA.png,2010-06-29,,,,,,,,,,,,,,,,,,,,,,,,,,,,,,,,,,,,,,,,,,,,,,,,,,,,,,,,,,,,,,,,,,,,,,,,,,,,,,,,,,,,,,,,,,,,,,,,,,,,,,,,,,,,,,,,,,,,,,,,,,,,,,,,,,,,,,,,,,,,,,,,,,,,,,,,,,,,,,,,,,,,,,,,,,,,,,,,,,,,,,,,,,,,,,,,,,,,6727857039.249832,,6727857039.249832
2020-12-11,205.0,208.0,198.93,203.33,139425000,-1.67,-0.81463,203.42,TSLA,436,1406256678344,2.086,0,212.11-488.54,-23.46,-5.10599,135146121,90759093.8,"Tesla, Inc.",USD,0001318605,US88160R1014,88160R101,NASDAQ Global Select,NASDAQ,Auto - Manufacturers,https://www.tesla.com,Elon R. Musk,Consumer Cyclical,US,125665,512 516 8177,1 Tesla Road,Austin,TX,78725,https://images.financialmodelingprep.com/symbol/TSLA.png,2010-06-29,,,,,,,,,,,,,,,,,,,,,,,,,,,,,,,,,,,,,,,,,,,,,,,,,,,,,,,,,,,,,,,,,,,,,,,,,,,,,,,,,,,,,,,,,,,,,,,,,,,,,,,,,,,,,,,,,,,,,,,,,,,,,,,,,,,,,,,,,,,,,,,,,,,,,,,,,,,,,,,,,,,,,,,,,,,,,,,,,,,,,,,,,,,,,,,,,,,,6916129830.049672,,6916129830.049672
2020-12-14,206.33,214.25,203.4,213.28,156121800,6.95,3.37,210.31,TSLA,436,1406256678344,2.086,0,212.11-488.54,-23.46,-5.10599,135146121,90759093.8,"Tesla, Inc.",USD,0001318605,US88160R1014,88160R101,NASDAQ Global Select,NASDAQ,Auto - Manufacturers,https://www.tesla.com,Elon R. Musk,Consumer Cyclical,US,125665,512 516 8177,1 Tesla Road,Austin,TX,78725,https://images.financialmodelingprep.com/symbol/TSLA.png,2010-06-29,,,,,,,,,,,,,,,,,,,,,,,,,,,,,,,,,,,,,,,,,,,,,,,,,,,,,,,,,,,,,,,,,,,,,,,,,,,,,,,,,,,,,,,,,,,,,,,,,,,,,,,,,,,,,,,,,,,,,,,,,,,,,,,,,,,,,,,,,,,,,,,,,,,,,,,,,,,,,,,,,,,,,,,,,,,,,,,,,,,,,,,,,,,,,,,,,,,,6593476548.874719,,6593476548.874719
2020-12-15,214.43,215.63,207.93,211.08,135214500,-3.35,-1.56,211.55,TSLA,436,1406256678344,2.086,0,212.11-488.54,-23.46,-5.10599,135146121,90759093.8,"Tesla, Inc.",USD,0001318605,US88160R1014,88160R101,NASDAQ Global Select,NASDAQ,Auto - Manufacturers,https://www.tesla.com,Elon R. Musk,Consumer Cyclical,US,125665,512 516 8177,1 Tesla Road,Austin,TX,78725,https://images.financialmodelingprep.com/symbol/TSLA.png,2010-06-29,,,,,,,,,,,,,,,,,,,,,,,,,,,,,,,,,,,,,,,,,,,,,,,,,,,,,,,,,,,,,,,,,,,,,,,,,,,,,,,,,,,,,,,,,,,,,,,,,,,,,,,,,,,,,,,,,,,,,,,,,,,,,,,,,,,,,,,,,,,,,,,,,,,,,,,,,,,,,,,,,,,,,,,,,,,,,,,,,,,,,,,,,,,,,,,,,,,,6662197642.33466,,6662197642.33466
2020-12-16,209.41,210.83,201.67,207.59,126287400,-1.82,-0.86911,206.7,TSLA,436,1406256678344,2.086,0,212.11-488.54,-23.46,-5.10599,135146121,90759093.8,"Tesla, Inc.",USD,0001318605,US88160R1014,88160R101,NASDAQ Global Select,NASDAQ,Auto - Manufacturers,https://www.tesla.com,Elon R. Musk,Consumer Cyclical,US,125665,512 516 8177,1 Tesla Road,Austin,TX,78725,https://images.financialmodelingprep.com/symbol/TSLA.png,2010-06-29,,,,,,,,,,,,,,,,,,,,,,,,,,,,,,,,,,,,,,,,,,,,,,,,,,,,,,,,,,,,,,,,,,,,,,,,,,,,,,,,,,,,,,,,,,,,,,,,,,,,,,,,,,,,,,,,,,,,,,,,,,,,,,,,,,,,,,,,,,,,,,,,,,,,,,,,,,,,,,,,,,,,,,,,,,,,,,,,,,,,,,,,,,,,,,,,,,,,6774202410.250976,,6774202410.250976
2020-12-17,209.4,219.61,206.5,218.63,168810300,9.23,4.41,214.91,TSLA,436,1406256678344,2.086,0,212.11-488.54,-23.46,-5.10599,135146121,90759093.8,"Tesla, Inc.",USD,0001318605,US88160R1014,88160R101,NASDAQ Global Select,NASDAQ,Auto - Manufacturers,https://www.tesla.com,Elon R. Musk,Consumer Cyclical,US,125665,512 516 8177,1 Tesla Road,Austin,TX,78725,https://images.financialmodelingprep.com/symbol/TSLA.png,2010-06-29,,,,,,,,,,,,,,,,,,,,,,,,,,,,,,,,,,,,,,,,,,,,,,,,,,,,,,,,,,,,,,,,,,,,,,,,,,,,,,,,,,,,,,,,,,,,,,,,,,,,,,,,,,,,,,,,,,,,,,,,,,,,,,,,,,,,,,,,,,,,,,,,,,,,,,,,,,,,,,,,,,,,,,,,,,,,,,,,,,,,,,,,,,,,,,,,,,,,6432130441.128848,,6432130441.128848
2020-12-18,222.97,231.67,209.51,231.67,666378600,8.7,3.9,224.28,TSLA,436,1406256678344,2.086,0,212.11-488.54,-23.46,-5.10599,135146121,90759093.8,"Tesla, Inc.",USD,0001318605,US88160R1014,88160R101,NASDAQ Global Select,NASDAQ,Auto - Manufacturers,https://www.tesla.com,Elon R. Musk,Consumer Cyclical,US,125665,512 516 8177,1 Tesla Road,Austin,TX,78725,https://images.financialmodelingprep.com/symbol/TSLA.png,2010-06-29,,,,,,,,,,,,,,,,,,,,,,,,,,,,,,,,,,,,,,,,,,,,,,,,,,,,,,,,,,,,,,,,,,,,,,,,,,,,,,,,,,,,,,,,,,,,,,,,,,,,,,,,,,,,,,,,,,,,,,,,,,,,,,,,,,,,,,,,,,,,,,,,,,,,,,,,,,,,,,,,,,,,,,,,,,,,,,,,,,,,,,,,,,,,,,,,,,,,6070085372.918376,,6070085372.918376
2020-12-21,222.08,222.83,215.36,216.62,174135900,-5.46,-2.46,218.27,TSLA,436,1406256678344,2.086,0,212.11-488.54,-23.46,-5.10599,135146121,90759093.8,"Tesla, Inc.",USD,0001318605,US88160R1014,88160R101,NASDAQ Global Select,NASDAQ,Auto - Manufacturers,https://www.tesla.com,Elon R. Musk,Consumer Cyclical,US,125665,512 516 8177,1 Tesla Road,Austin,TX,78725,https://images.financialmodelingprep.com/symbol/TSLA.png,2010-06-29,,,,,,,,,,,,,,,,,,,,,,,,,,,,,,,,,,,,,,,,,,,,,,,,,,,,,,,,,,,,,,,,,,,,,,,,,,,,,,,,,,,,,,,,,,,,,,,,,,,,,,,,,,,,,,,,,,,,,,,,,,,,,,,,,,,,,,,,,,,,,,,,,,,,,,,,,,,,,,,,,,,,,,,,,,,,,,,,,,,,,,,,,,,,,,,,,,,,6491813675.302373,,6491813675.302373
2020-12-22,216.0,216.63,204.74,213.45,155148000,-2.55,-1.18,211.61,TSLA,436,1406256678344,2.086,0,212.11-488.54,-23.46,-5.10599,135146121,90759093.8,"Tesla, Inc.",USD,0001318605,US88160R1014,88160R101,NASDAQ Global Select,NASDAQ,Auto - Manufacturers,https://www.tesla.com,Elon R. Musk,Consumer Cyclical,US,125665,512 516 8177,1 Tesla Road,Austin,TX,78725,https://images.financialmodelingprep.com/symbol/TSLA.png,2010-06-29,,,,,,,,,,,,,,,,,,,,,,,,,,,,,,,,,,,,,,,,,,,,,,,,,,,,,,,,,,,,,,,,,,,,,,,,,,,,,,,,,,,,,,,,,,,,,,,,,,,,,,,,,,,,,,,,,,,,,,,,,,,,,,,,,,,,,,,,,,,,,,,,,,,,,,,,,,,,,,,,,,,,,,,,,,,,,,,,,,,,,,,,,,,,,,,,,,,,6588225244.057157,,6588225244.057157
2020-12-23,210.73,217.17,207.52,215.33,99519000,4.6,2.18,213.34,TSLA,436,1406256678344,2.086,0,212.11-488.54,-23.46,-5.10599,135146121,90759093.8,"Tesla, Inc.",USD,0001318605,US88160R1014,88160R101,NASDAQ Global Select,NASDAQ,Auto - Manufacturers,https://www.tesla.com,Elon R. Musk,Consumer Cyclical,US,125665,512 516 8177,1 Tesla Road,Austin,TX,78725,https://images.financialmodelingprep.com/symbol/TSLA.png,2010-06-29,,,,,,,,,,,,,,,,,,,,,,,,,,,,,,,,,,,,,,,,,,,,,,,,,,,,,,,,,,,,,,,,,,,,,,,,,,,,,,,,,,,,,,,,,,,,,,,,,,,,,,,,,,,,,,,,,,,,,,,,,,,,,,,,,,,,,,,,,,,,,,,,,,,,,,,,,,,,,,,,,,,,,,,,,,,,,,,,,,,,,,,,,,,,,,,,,,,,6530704863.901917,,6530704863.901917
2020-12-24,214.33,222.03,213.67,220.59,68596800,6.26,2.92,218.76,TSLA,436,1406256678344,2.086,0,212.11-488.54,-23.46,-5.10599,135146121,90759093.8,"Tesla, Inc.",USD,0001318605,US88160R1014,88160R101,NASDAQ Global Select,NASDAQ,Auto - Manufacturers,https://www.tesla.com,Elon R. Musk,Consumer Cyclical,US,125665,512 516 8177,1 Tesla Road,Austin,TX,78725,https://images.financialmodelingprep.com/symbol/TSLA.png,2010-06-29,,,,,,,,,,,,,,,,,,,,,,,,,,,,,,,,,,,,,,,,,,,,,,,,,,,,,,,,,,,,,,,,,,,,,,,,,,,,,,,,,,,,,,,,,,,,,,,,,,,,,,,,,,,,,,,,,,,,,,,,,,,,,,,,,,,,,,,,,,,,,,,,,,,,,,,,,,,,,,,,,,,,,,,,,,,,,,,,,,,,,,,,,,,,,,,,,,,,6374979275.325264,,6374979275.325264
2020-12-28,224.84,227.13,220.27,221.23,96835800,-3.61,-1.61,222.88,TSLA,436,1406256678344,2.086,0,212.11-488.54,-23.46,-5.10599,135146121,90759093.8,"Tesla, Inc.",USD,0001318605,US88160R1014,88160R101,NASDAQ Global Select,NASDAQ,Auto - Manufacturers,https://www.tesla.com,Elon R. Musk,Consumer Cyclical,US,125665,512 516 8177,1 Tesla Road,Austin,TX,78725,https://images.financialmodelingprep.com/symbol/TSLA.png,2010-06-29,,,,,,,,,,,,,,,,,,,,,,,,,,,,,,,,,,,,,,,,,,,,,,,,,,,,,,,,,,,,,,,,,,,,,,,,,,,,,,,,,,,,,,,,,,,,,,,,,,,,,,,,,,,,,,,,,,,,,,,,,,,,,,,,,,,,,,,,,,,,,,,,,,,,,,,,,,,,,,,,,,,,,,,,,,,,,,,,,,,,,,,,,,,,,,,,,,,,6356536990.209285,,6356536990.209285
2020-12-29,220.33,223.3,218.33,222.0,68732400,1.67,0.75795,221.21,TSLA,436,1406256678344,2.086,0,212.11-488.54,-23.46,-5.10599,135146121,90759093.8,"Tesla, Inc.",USD,0001318605,US88160R1014,88160R101,NASDAQ Global Select,NASDAQ,Auto - Manufacturers,https://www.tesla.com,Elon R. Musk,Consumer Cyclical,US,125665,512 516 8177,1 Tesla Road,Austin,TX,78725,https://images.financialmodelingprep.com/symbol/TSLA.png,2010-06-29,,,,,,,,,,,,,,,,,,,,,,,,,,,,,,,,,,,,,,,,,,,,,,,,,,,,,,,,,,,,,,,,,,,,,,,,,,,,,,,,,,,,,,,,,,,,,,,,,,,,,,,,,,,,,,,,,,,,,,,,,,,,,,,,,,,,,,,,,,,,,,,,,,,,,,,,,,,,,,,,,,,,,,,,,,,,,,,,,,,,,,,,,,,,,,,,,,,,6334489542.09009,,6334489542.09009
2020-12-30,224.0,232.2,222.79,231.59,128538000,7.59,3.39,228.86,TSLA,436,1406256678344,2.086,0,212.11-488.54,-23.46,-5.10599,135146121,90759093.8,"Tesla, Inc.",USD,0001318605,US88160R1014,88160R101,NASDAQ Global Select,NASDAQ,Auto - Manufacturers,https://www.tesla.com,Elon R. Musk,Consumer Cyclical,US,125665,512 516 8177,1 Tesla Road,Austin,TX,78725,https://images.financialmodelingprep.com/symbol/TSLA.png,2010-06-29,,,,,,,,,,,,,,,,,,,,,,,,,,,,,,,,,,,,,,,,,,,,,,,,,,,,,,,,,,,,,,,,,,,,,,,,,,,,,,,,,,,,,,,,,,,,,,,,,,,,,,,,,,,,,,,,,,,,,,,,,,,,,,,,,,,,,,,,,,,,,,,,,,,,,,,,,,,,,,,,,,,,,,,,,,,,,,,,,,,,,,,,,,,,,,,,,,,,6072182211.425364,,6072182211.425364
2020-12-31,233.33,239.57,230.37,235.22,148949700,1.89,0.81001,235.06,TSLA,436,1406256678344,2.086,0,212.11-488.54,-23.46,-5.10599,135146121,90759093.8,"Tesla, Inc.",USD,0001318605,US88160R1014,88160R101,NASDAQ Global Select,NASDAQ,Auto - Manufacturers,https://www.tesla.com,Elon R. Musk,Consumer Cyclical,US,125665,512 516 8177,1 Tesla Road,Austin,TX,78725,https://images.financialmodelingprep.com/symbol/TSLA.png,2010-06-29,,,TSLA,USD,0001318605,2021-02-08,2021-02-08 07:27:23,2020,FY,31536000000.0,24906000000.0,6630000000.0,1491000000.0,3145000000.0,0.0,3145000000.0,0.0,4636000000.0,29542000000.0,-718000000.0,30000000.0,748000000.0,2322000000.0,4224000000.0,1902000000.0,92000000.0,1994000000.0,-840000000.0,1154000000.0,292000000.0,862000000.0,0.0,0.0,721000000.0,31000000.0,690000000.0,0.25,0.21,2799000000.0,3249000000.0,annual,TSLA,USD,0001318605,2021-02-08,2021-02-08 07:27:23,2020,FY,19384000000.0,0.0,19384000000.0,1886000000.0,1886000000.0,0.0,4101000000.0,1346000000.0,0.0,26717000000.0,23378000000.0,207000000.0,313000000.0,520000000.0,613000000.0,0.0,923000000.0,25434000000.0,-3000000.0,52148000000.0,6828000000.0,6051000000.0,777000000.0,1632000000.0,1758000000.0,660000000.0,777000000.0,2210000000.0,1160000000.0,14248000000.0,8513000000.0,2348000000.0,1284000000.0,151000000.0,1925000000.0,14221000000.0,0.0,3008000000.0,28469000000.0,0.0,0.0,1000000.0,-5399000000.0,27260000000.0,363000000.0,0.0,22225000000.0,23679000000.0,1454000000.0,52148000000.0,613000000.0,13279000000.0,-6105000000.0,annual,TSLA,USD,0001318605,2021-02-08,2021-02-08 07:27:23,2020,FY,690000000.0,2322000000.0,0.0,1734000000.0,184000000.0,-652000000.0,-422000000.0,930000000.0,328000000.0,1013000000.0,5943000000.0,-3232000000.0,-13000000.0,0.0,0.0,113000000.0,-3132000000.0,-2488000000.0,-2488000000.0,0.0,12269000000.0,12269000000.0,12269000000.0,0.0,0.0,0.0,0.0,0.0,192000000.0,9973000000.0,334000000.0,13118000000.0,19901000000.0,6783000000.0,5943000000.0,-3242000000.0,2701000000.0,115000000.0,444000000.0,annual,TSLA,2020,FY,USD,658380780000.0,652275780000.0,20.683529299847795,109.75530540131247,241.49417993335803,154.4213494318182,-1.4453125,1.8751403705783267,8.61304347826087,6.783860016546196,-2.0078599499821363,0.6247833622183708,0.6067297581493165,12469000000.0,36367000000.0,0.013826033596686355,0.046126976416021835,0.013965290152630356,0.03244094488188976,0.03693986606701326,0.05261213720316623,0.0010951109478013622,0.004102489140099138,0.5455157327948847,1.396210163652024,0.10280314561136479,0.09972729578893963,0.047279299847793,0.05498477929984779,0.009971619237554652,1605000000.0,4911000000.0,3826500000.0,21.828703703703702,88.67802939050831,60.100578173934,81.92928187763769,-6.748747512870622,8816000000.0,-10522268630.84922,23159000000.0,-1752000000.0,5978474102.304226,1000000.0,1000000.0
