date,open,high,low,close,volume,change,changePercent,vwap,profile_symbol,profile_price,profile_marketCap,profile_beta,profile_lastDividend,profile_range,profile_change,profile_changePercentage,profile_volume,profile_averageVolume,profile_companyName,profile_currency,profile_cik,profile_isin,profile_cusip,profile_exchangeFullName,profile_exchange,profile_industry,profile_website,profile_ceo,profile_sector,profile_country,profile_fullTimeEmployees,profile_phone,profile_address,profile_city,profile_zip,profile_image,profile_ipoDate,split_numerator,split_denominator,dividend_amount,income_annual_symbol,income_annual_reportedCurrency,income_annual_cik,income_annual_filingDate,income_annual_acceptedDate,income_annual_fiscalYear,income_annual_period,income_annual_revenue,income_annual_costOfRevenue,income_annual_grossProfit,income_annual_researchAndDevelopmentExpenses,income_annual_generalAndAdministrativeExpenses,income_annual_sellingAndMarketingExpenses,income_annual_sellingGeneralAndAdministrativeExpenses,income_annual_otherExpenses,income_annual_operatingExpenses,income_annual_costAndExpenses,income_annual_netInterestIncome,income_annual_interestIncome,income_annual_interestExpense,income_annual_depreciationAndAmortization,income_annual_ebitda,income_annual_ebit,income_annual_nonOperatingIncomeExcludingInterest,income_annual_operatingIncome,income_annual_totalOtherIncomeExpensesNet,income_annual_incomeBeforeTax,income_annual_incomeTaxExpense,income_annual_netIncomeFromContinuingOperations,income_annual_netIncomeFromDiscontinuedOperations,income_annual_otherAdjustmentsToNetIncome,income_annual_netIncome,income_annual_netIncomeDeductions,income_annual_bottomLineNetIncome,income_annual_eps,income_annual_epsDiluted,income_annual_weightedAverageShsOut,income_annual_weightedAverageShsOutDil,income_annual_period_type,balance_annual_symbol,balance_annual_reportedCurrency,balance_annual_cik,balance_annual_filingDate,balance_annual_acceptedDate,balance_annual_fiscalYear,balance_annual_period,balance_annual_cashAndCashEquivalents,balance_annual_shortTermInvestments,balance_annual_cashAndShortTermInvestments,balance_annual_netReceivables,balance_annual_accountsReceivables,balance_annual_otherReceivables,balance_annual_inventory,balance_annual_prepaids,balance_annual_otherCurrentAssets,balance_annual_totalCurrentAssets,balance_annual_propertyPlantEquipmentNet,balance_annual_goodwill,balance_annual_intangibleAssets,balance_annual_goodwillAndIntangibleAssets,balance_annual_longTermInvestments,balance_annual_taxAssets,balance_annual_otherNonCurrentAssets,balance_annual_totalNonCurrentAssets,balance_annual_otherAssets,balance_annual_totalAssets,balance_annual_totalPayables,balance_annual_accountPayables,balance_annual_otherPayables,balance_annual_accruedExpenses,balance_annual_shortTermDebt,balance_annual_capitalLeaseObligationsCurrent,balance_annual_taxPayables,balance_annual_deferredRevenue,balance_annual_otherCurrentLiabilities,balance_annual_totalCurrentLiabilities,balance_annual_longTermDebt,balance_annual_capitalLeaseObligationsNonCurrent,balance_annual_deferredRevenueNonCurrent,balance_annual_deferredTaxLiabilitiesNonCurrent,balance_annual_otherNonCurrentLiabilities,balance_annual_totalNonCurrentLiabilities,balance_annual_otherLiabilities,balance_annual_capitalLeaseObligations,balance_annual_totalLiabilities,balance_annual_treasuryStock,balance_annual_preferredStock,balance_annual_commonStock,balance_annual_retainedEarnings,balance_annual_additionalPaidInCapital,balance_annual_accumulatedOtherComprehensiveIncomeLoss,balance_annual_otherTotalStockholdersEquity,balance_annual_totalStockholdersEquity,balance_annual_totalEquity,balance_annual_minorityInterest,balance_annual_totalLiabilitiesAndTotalEquity,balance_annual_totalInvestments,balance_annual_totalDebt,balance_annual_netDebt,balance_annual_period_type,cashflow_annual_symbol,cashflow_annual_reportedCurrency,cashflow_annual_cik,cashflow_annual_filingDate,cashflow_annual_acceptedDate,cashflow_annual_fiscalYear,cashflow_annual_period,cashflow_annual_netIncome,cashflow_annual_depreciationAndAmortization,cashflow_annual_deferredIncomeTax,cashflow_annual_stockBasedCompensation,cashflow_annual_changeInWorkingCapital,cashflow_annual_accountsReceivables,cashflow_annual_inventory,cashflow_annual_accountsPayables,cashflow_annual_otherWorkingCapital,cashflow_annual_otherNonCashItems,cashflow_annual_netCashProvidedByOperatingActivities,cashflow_annual_investmentsInPropertyPlantAndEquipment,cashflow_annual_acquisitionsNet,cashflow_annual_purchasesOfInvestments,cashflow_annual_salesMaturitiesOfInvestments,cashflow_annual_otherInvestingActivities,cashflow_annual_netCashProvidedByInvestingActivities,cashflow_annual_netDebtIssuance,cashflow_annual_longTermNetDebtIssuance,cashflow_annual_shortTermNetDebtIssuance,cashflow_annual_netStockIssuance,cashflow_annual_netCommonStockIssuance,cashflow_annual_commonStockIssuance,cashflow_annual_commonStockRepurchased,cashflow_annual_netPreferredStockIssuance,cashflow_annual_netDividendsPaid,cashflow_annual_commonDividendsPaid,cashflow_annual_preferredDividendsPaid,cashflow_annual_otherFinancingActivities,cashflow_annual_netCashProvidedByFinancingActivities,cashflow_annual_effectOfForexChangesOnCash,cashflow_annual_netChangeInCash,cashflow_annual_cashAtEndOfPeriod,cashflow_annual_cashAtBeginningOfPeriod,cashflow_annual_operatingCashFlow,cashflow_annual_capitalExpenditure,cashflow_annual_freeCashFlow,cashflow_annual_incomeTaxesPaid,cashflow_annual_interestPaid,cashflow_annual_period_type,metrics_annual_symbol,metrics_annual_fiscalYear,metrics_annual_period,metrics_annual_reportedCurrency,metrics_annual_marketCap,metrics_annual_enterpriseValue,metrics_annual_evToSales,metrics_annual_evToOperatingCashFlow,metrics_annual_evToFreeCashFlow,metrics_annual_evToEBITDA,metrics_annual_netDebtToEBITDA,metrics_annual_currentRatio,metrics_annual_incomeQuality,metrics_annual_grahamNumber,metrics_annual_grahamNetNet,metrics_annual_taxBurden,metrics_annual_interestBurden,metrics_annual_workingCapital,metrics_annual_investedCapital,metrics_annual_returnOnAssets,metrics_annual_operatingReturnOnAssets,metrics_annual_returnOnTangibleAssets,metrics_annual_returnOnEquity,metrics_annual_returnOnInvestedCapital,metrics_annual_returnOnCapitalEmployed,metrics_annual_earningsYield,metrics_annual_freeCashFlowYield,metrics_annual_capexToOperatingCashFlow,metrics_annual_capexToDepreciation,metrics_annual_capexToRevenue,metrics_annual_salesGeneralAndAdministrativeToRevenue,metrics_annual_researchAndDevelopementToRevenue,metrics_annual_stockBasedCompensationToRevenue,metrics_annual_intangiblesToTotalAssets,metrics_annual_averageReceivables,metrics_annual_averagePayables,metrics_annual_averageInventory,metrics_annual_daysOfSalesOutstanding,metrics_annual_daysOfPayablesOutstanding,metrics_annual_daysOfInventoryOutstanding,metrics_annual_operatingCycle,metrics_annual_cashConversionCycle,metrics_annual_freeCashFlowToEquity,metrics_annual_freeCashFlowToFirm,metrics_annual_tangibleAssetValue,metrics_annual_netCurrentAssetValue,market_derived_shares,reported_shares,weighted_shares_outstanding
2020-10-05,81.55,84.63,81.55,84.54,10129100,2.99,3.67,83.0675,TSM,288.11,1494101063322,1.216,2.89546,134.25-296.72,-0.36,-0.1248,10159925,11540157,Taiwan Semiconductor Manufacturing Company Limited,USD,0001046179,US8740391003,874039100,New York Stock Exchange,NYSE,Semiconductors,https://www.tsmc.com,C. C. Wei,Technology,TW,65152,886 3 563 6688,Hsinchu Science Park,Hsinchu City,300096,https://images.financialmodelingprep.com/symbol/TSM.png,1997-10-09,,,,,,,,,,,,,,,,,,,,,,,,,,,,,,,,,,,,,,,,,,,,,,,,,,,,,,,,,,,,,,,,,,,,,,,,,,,,,,,,,,,,,,,,,,,,,,,,,,,,,,,,,,,,,,,,,,,,,,,,,,,,,,,,,,,,,,,,,,,,,,,,,,,,,,,,,,,,,,,,,,,,,,,,,,,,,,,,,,,,,,,,,,,,,,,,,,,,,17673303327.679203,,17673303327.679203
2020-10-06,83.77,84.45,82.77,83.12,7795619,-0.65,-0.77593,83.5275,TSM,288.11,1494101063322,1.216,2.89546,134.25-296.72,-0.36,-0.1248,10159925,11540157,Taiwan Semiconductor Manufacturing Company Limited,USD,0001046179,US8740391003,874039100,New York Stock Exchange,NYSE,Semiconductors,https://www.tsmc.com,C. C. Wei,Technology,TW,65152,886 3 563 6688,Hsinchu Science Park,Hsinchu City,300096,https://images.financialmodelingprep.com/symbol/TSM.png,1997-10-09,,,,,,,,,,,,,,,,,,,,,,,,,,,,,,,,,,,,,,,,,,,,,,,,,,,,,,,,,,,,,,,,,,,,,,,,,,,,,,,,,,,,,,,,,,,,,,,,,,,,,,,,,,,,,,,,,,,,,,,,,,,,,,,,,,,,,,,,,,,,,,,,,,,,,,,,,,,,,,,,,,,,,,,,,,,,,,,,,,,,,,,,,,,,,,,,,,,,,17975229346.9923,,17975229346.9923
2020-10-07,84.78,87.0,84.78,86.92,11446400,2.14,2.52,85.87,TSM,288.11,1494101063322,1.216,2.89546,134.25-296.72,-0.36,-0.1248,10159925,11540157,Taiwan Semiconductor Manufacturing Company Limited,USD,0001046179,US8740391003,874039100,New York Stock Exchange,NYSE,Semiconductors,https://www.tsmc.com,C. C. Wei,Technology,TW,65152,886 3 563 6688,Hsinchu Science Park,Hsinchu City,300096,https://images.financialmodelingprep.com/symbol/TSM.png,1997-10-09,,,,,,,,,,,,,,,,,,,,,,,,,,,,,,,,,,,,,,,,,,,,,,,,,,,,,,,,,,,,,,,,,,,,,,,,,,,,,,,,,,,,,,,,,,,,,,,,,,,,,,,,,,,,,,,,,,,,,,,,,,,,,,,,,,,,,,,,,,,,,,,,,,,,,,,,,,,,,,,,,,,,,,,,,,,,,,,,,,,,,,,,,,,,,,,,,,,,,17189381768.545788,,17189381768.545788
2020-10-08,88.86,88.86,86.52,87.8,10920800,-1.06,-1.19,88.01,TSM,288.11,1494101063322,1.216,2.89546,134.25-296.72,-0.36,-0.1248,10159925,11540157,Taiwan Semiconductor Manufacturing Company Limited,USD,0001046179,US8740391003,874039100,New York Stock Exchange,NYSE,Semiconductors,https://www.tsmc.com,C. C. Wei,Technology,TW,65152,886 3 563 6688,Hsinchu Science Park,Hsinchu City,300096,https://images.financialmodelingprep.com/symbol/TSM.png,1997-10-09,,,,,,,,,,,,,,,,,,,,,,,,,,,,,,,,,,,,,,,,,,,,,,,,,,,,,,,,,,,,,,,,,,,,,,,,,,,,,,,,,,,,,,,,,,,,,,,,,,,,,,,,,,,,,,,,,,,,,,,,,,,,,,,,,,,,,,,,,,,,,,,,,,,,,,,,,,,,,,,,,,,,,,,,,,,,,,,,,,,,,,,,,,,,,,,,,,,,,17017096393.189066,,17017096393.189066
2020-10-09,88.34,88.8,87.64,88.78,7608800,0.44,0.49808,88.39,TSM,288.11,1494101063322,1.216,2.89546,134.25-296.72,-0.36,-0.1248,10159925,11540157,Taiwan Semiconductor Manufacturing Company Limited,USD,0001046179,US8740391003,874039100,New York Stock Exchange,NYSE,Semiconductors,https://www.tsmc.com,C. C. Wei,Technology,TW,65152,886 3 563 6688,Hsinchu Science Park,Hsinchu City,300096,https://images.financialmodelingprep.com/symbol/TSM.png,1997-10-09,,,,,,,,,,,,,,,,,,,,,,,,,,,,,,,,,,,,,,,,,,,,,,,,,,,,,,,,,,,,,,,,,,,,,,,,,,,,,,,,,,,,,,,,,,,,,,,,,,,,,,,,,,,,,,,,,,,,,,,,,,,,,,,,,,,,,,,,,,,,,,,,,,,,,,,,,,,,,,,,,,,,,,,,,,,,,,,,,,,,,,,,,,,,,,,,,,,,,16829252797.048885,,16829252797.048885
2020-10-12,89.12,91.27,88.68,90.91,10022000,1.79,2.01,89.995,TSM,288.11,1494101063322,1.216,2.89546,134.25-296.72,-0.36,-0.1248,10159925,11540157,Taiwan Semiconductor Manufacturing Company Limited,USD,0001046179,US8740391003,874039100,New York Stock Exchange,NYSE,Semiconductors,https://www.tsmc.com,C. C. Wei,Technology,TW,65152,886 3 563 6688,Hsinchu Science Park,Hsinchu City,300096,https://images.financialmodelingprep.com/symbol/TSM.png,1997-10-09,,,,,,,,,,,,,,,,,,,,,,,,,,,,,,,,,,,,,,,,,,,,,,,,,,,,,,,,,,,,,,,,,,,,,,,,,,,,,,,,,,,,,,,,,,,,,,,,,,,,,,,,,,,,,,,,,,,,,,,,,,,,,,,,,,,,,,,,,,,,,,,,,,,,,,,,,,,,,,,,,,,,,,,,,,,,,,,,,,,,,,,,,,,,,,,,,,,,,16434947347.06853,,16434947347.06853
2020-10-13,90.5,90.65,89.43,89.64,8247043,-0.86,-0.95028,90.055,TSM,288.11,1494101063322,1.216,2.89546,134.25-296.72,-0.36,-0.1248,10159925,11540157,Taiwan Semiconductor Manufacturing Company Limited,USD,0001046179,US8740391003,874039100,New York Stock Exchange,NYSE,Semiconductors,https://www.tsmc.com,C. C. Wei,Technology,TW,65152,886 3 563 6688,Hsinchu Science Park,Hsinchu City,300096,https://images.financialmodelingprep.com/symbol/TSM.png,1997-10-09,,,,,,,,,,,,,,,,,,,,,,,,,,,,,,,,,,,,,,,,,,,,,,,,,,,,,,,,,,,,,,,,,,,,,,,,,,,,,,,,,,,,,,,,,,,,,,,,,,,,,,,,,,,,,,,,,,,,,,,,,,,,,,,,,,,,,,,,,,,,,,,,,,,,,,,,,,,,,,,,,,,,,,,,,,,,,,,,,,,,,,,,,,,,,,,,,,,,,16667794102.208836,,16667794102.208836
2020-10-14,89.65,89.88,88.27,88.6,8196049,-1.05,-1.17,89.1,TSM,288.11,1494101063322,1.216,2.89546,134.25-296.72,-0.36,-0.1248,10159925,11540157,Taiwan Semiconductor Manufacturing Company Limited,USD,0001046179,US8740391003,874039100,New York Stock Exchange,NYSE,Semiconductors,https://www.tsmc.com,C. C. Wei,Technology,TW,65152,886 3 563 6688,Hsinchu Science Park,Hsinchu City,300096,https://images.financialmodelingprep.com/symbol/TSM.png,1997-10-09,,,,,,,,,,,,,,,,,,,,,,,,,,,,,,,,,,,,,,,,,,,,,,,,,,,,,,,,,,,,,,,,,,,,,,,,,,,,,,,,,,,,,,,,,,,,,,,,,,,,,,,,,,,,,,,,,,,,,,,,,,,,,,,,,,,,,,,,,,,,,,,,,,,,,,,,,,,,,,,,,,,,,,,,,,,,,,,,,,,,,,,,,,,,,,,,,,,,,16863443152.618511,,16863443152.618511
2020-10-15,87.29,89.49,87.19,88.15,10335225,0.86,0.98522,88.03,TSM,288.11,1494101063322,1.216,2.89546,134.25-296.72,-0.36,-0.1248,10159925,11540157,Taiwan Semiconductor Manufacturing Company Limited,USD,0001046179,US8740391003,874039100,New York Stock Exchange,NYSE,Semiconductors,https://www.tsmc.com,C. C. Wei,Technology,TW,65152,886 3 563 6688,Hsinchu Science Park,Hsinchu City,300096,https://images.financialmodelingprep.com/symbol/TSM.png,1997-10-09,,,,,,,,,,,,,,,,,,,,,,,,,,,,,,,,,,,,,,,,,,,,,,,,,,,,,,,,,,,,,,,,,,,,,,,,,,,,,,,,,,,,,,,,,,,,,,,,,,,,,,,,,,,,,,,,,,,,,,,,,,,,,,,,,,,,,,,,,,,,,,,,,,,,,,,,,,,,,,,,,,,,,,,,,,,,,,,,,,,,,,,,,,,,,,,,,,,,,16949529929.914917,,16949529929.914917
2020-10-16,88.55,88.59,86.44,86.7,7460246,-1.85,-2.09,87.57,TSM,288.11,1494101063322,1.216,2.89546,134.25-296.72,-0.36,-0.1248,10159925,11540157,Taiwan Semiconductor Manufacturing Company Limited,USD,0001046179,US8740391003,874039100,New York Stock Exchange,NYSE,Semiconductors,https://www.tsmc.com,C. C. Wei,Technology,TW,65152,886 3 563 6688,Hsinchu Science Park,Hsinchu City,300096,https://images.financialmodelingprep.com/symbol/TSM.png,1997-10-09,,,,,,,,,,,,,,,,,,,,,,,,,,,,,,,,,,,,,,,,,,,,,,,,,,,,,,,,,,,,,,,,,,,,,,,,,,,,,,,,,,,,,,,,,,,,,,,,,,,,,,,,,,,,,,,,,,,,,,,,,,,,,,,,,,,,,,,,,,,,,,,,,,,,,,,,,,,,,,,,,,,,,,,,,,,,,,,,,,,,,,,,,,,,,,,,,,,,,17232999576.955017,,17232999576.955017
2020-10-19,88.34,89.62,87.29,87.56,7994502,-0.78,-0.88295,88.2025,TSM,288.11,1494101063322,1.216,2.89546,134.25-296.72,-0.36,-0.1248,10159925,11540157,Taiwan Semiconductor Manufacturing Company Limited,USD,0001046179,US8740391003,874039100,New York Stock Exchange,NYSE,Semiconductors,https://www.tsmc.com,C. C. Wei,Technology,TW,65152,886 3 563 6688,Hsinchu Science Park,Hsinchu City,300096,https://images.financialmodelingprep.com/symbol/TSM.png,1997-10-09,,,,,,,,,,,,,,,,,,,,,,,,,,,,,,,,,,,,,,,,,,,,,,,,,,,,,,,,,,,,,,,,,,,,,,,,,,,,,,,,,,,,,,,,,,,,,,,,,,,,,,,,,,,,,,,,,,,,,,,,,,,,,,,,,,,,,,,,,,,,,,,,,,,,,,,,,,,,,,,,,,,,,,,,,,,,,,,,,,,,,,,,,,,,,,,,,,,,,17063739873.481041,,17063739873.481041
2020-10-20,87.79,88.98,87.77,88.26,7358557,0.47,0.53537,88.2,TSM,288.11,1494101063322,1.216,2.89546,134.25-296.72,-0.36,-0.1248,10159925,11540157,Taiwan Semiconductor Manufacturing Company Limited,USD,0001046179,US8740391003,874039100,New York Stock Exchange,NYSE,Semiconductors,https://www.tsmc.com,C. C. Wei,Technology,TW,65152,886 3 563 6688,Hsinchu Science Park,Hsinchu City,300096,https://images.financialmodelingprep.com/symbol/TSM.png,1997-10-09,,,,,,,,,,,,,,,,,,,,,,,,,,,,,,,,,,,,,,,,,,,,,,,,,,,,,,,,,,,,,,,,,,,,,,,,,,,,,,,,,,,,,,,,,,,,,,,,,,,,,,,,,,,,,,,,,,,,,,,,,,,,,,,,,,,,,,,,,,,,,,,,,,,,,,,,,,,,,,,,,,,,,,,,,,,,,,,,,,,,,,,,,,,,,,,,,,,,,16928405430.795376,,16928405430.795376
2020-10-21,88.0,88.87,87.57,87.64,7387647,-0.36,-0.40909,88.02,TSM,288.11,1494101063322,1.216,2.89546,134.25-296.72,-0.36,-0.1248,10159925,11540157,Taiwan Semiconductor Manufacturing Company Limited,USD,0001046179,US8740391003,874039100,New York Stock Exchange,NYSE,Semiconductors,https://www.tsmc.com,C. C. Wei,Technology,TW,65152,886 3 563 6688,Hsinchu Science Park,Hsinchu City,300096,https://images.financialmodelingprep.com/symbol/TSM.png,1997-10-09,,,,,,,,,,,,,,,,,,,,,,,,,,,,,,,,,,,,,,,,,,,,,,,,,,,,,,,,,,,,,,,,,,,,,,,,,,,,,,,,,,,,,,,,,,,,,,,,,,,,,,,,,,,,,,,,,,,,,,,,,,,,,,,,,,,,,,,,,,,,,,,,,,,,,,,,,,,,,,,,,,,,,,,,,,,,,,,,,,,,,,,,,,,,,,,,,,,,,17048163661.821087,,17048163661.821087
2020-10-22,88.44,88.94,87.88,88.21,5659769,-0.23,-0.26006,88.3675,TSM,288.11,1494101063322,1.216,2.89546,134.25-296.72,-0.36,-0.1248,10159925,11540157,Taiwan Semiconductor Manufacturing Company Limited,USD,0001046179,US8740391003,874039100,New York Stock Exchange,NYSE,Semiconductors,https://www.tsmc.com,C. C. Wei,Technology,TW,65152,886 3 563 6688,Hsinchu Science Park,Hsinchu City,300096,https://images.financialmodelingprep.com/symbol/TSM.png,1997-10-09,,,,,,,,,,,,,,,,,,,,,,,,,,,,,,,,,,,,,,,,,,,,,,,,,,,,,,,,,,,,,,,,,,,,,,,,,,,,,,,,,,,,,,,,,,,,,,,,,,,,,,,,,,,,,,,,,,,,,,,,,,,,,,,,,,,,,,,,,,,,,,,,,,,,,,,,,,,,,,,,,,,,,,,,,,,,,,,,,,,,,,,,,,,,,,,,,,,,,16938000944.586782,,16938000944.586782
2020-10-23,88.25,88.45,87.43,88.31,4165400,0.06,0.06798867,88.11,TSM,288.11,1494101063322,1.216,2.89546,134.25-296.72,-0.36,-0.1248,10159925,11540157,Taiwan Semiconductor Manufacturing Company Limited,USD,0001046179,US8740391003,874039100,New York Stock Exchange,NYSE,Semiconductors,https://www.tsmc.com,C. C. Wei,Technology,TW,65152,886 3 563 6688,Hsinchu Science Park,Hsinchu City,300096,https://images.financialmodelingprep.com/symbol/TSM.png,1997-10-09,,,,,,,,,,,,,,,,,,,,,,,,,,,,,,,,,,,,,,,,,,,,,,,,,,,,,,,,,,,,,,,,,,,,,,,,,,,,,,,,,,,,,,,,,,,,,,,,,,,,,,,,,,,,,,,,,,,,,,,,,,,,,,,,,,,,,,,,,,,,,,,,,,,,,,,,,,,,,,,,,,,,,,,,,,,,,,,,,,,,,,,,,,,,,,,,,,,,,16918820782.719963,,16918820782.719963
2020-10-26,87.21,87.78,85.77,86.73,5568000,-0.48,-0.5504,86.8725,TSM,288.11,1494101063322,1.216,2.89546,134.25-296.72,-0.36,-0.1248,10159925,11540157,Taiwan Semiconductor Manufacturing Company Limited,USD,0001046179,US8740391003,874039100,New York Stock Exchange,NYSE,Semiconductors,https://www.tsmc.com,C. C. Wei,Technology,TW,65152,886 3 563 6688,Hsinchu Science Park,Hsinchu City,300096,https://images.financialmodelingprep.com/symbol/TSM.png,1997-10-09,,,,,,,,,,,,,,,,,,,,,,,,,,,,,,,,,,,,,,,,,,,,,,,,,,,,,,,,,,,,,,,,,,,,,,,,,,,,,,,,,,,,,,,,,,,,,,,,,,,,,,,,,,,,,,,,,,,,,,,,,,,,,,,,,,,,,,,,,,,,,,,,,,,,,,,,,,,,,,,,,,,,,,,,,,,,,,,,,,,,,,,,,,,,,,,,,,,,,17227038663.922516,,17227038663.922516
2020-10-27,86.96,87.22,85.98,86.71,5315800,-0.25,-0.28749,86.7175,TSM,288.11,1494101063322,1.216,2.89546,134.25-296.72,-0.36,-0.1248,10159925,11540157,Taiwan Semiconductor Manufacturing Company Limited,USD,0001046179,US8740391003,874039100,New York Stock Exchange,NYSE,Semiconductors,https://www.tsmc.com,C. C. Wei,Technology,TW,65152,886 3 563 6688,Hsinchu Science Park,Hsinchu City,300096,https://images.financialmodelingprep.com/symbol/TSM.png,1997-10-09,,,,,,,,,,,,,,,,,,,,,,,,,,,,,,,,,,,,,,,,,,,,,,,,,,,,,,,,,,,,,,,,,,,,,,,,,,,,,,,,,,,,,,,,,,,,,,,,,,,,,,,,,,,,,,,,,,,,,,,,,,,,,,,,,,,,,,,,,,,,,,,,,,,,,,,,,,,,,,,,,,,,,,,,,,,,,,,,,,,,,,,,,,,,,,,,,,,,,17231012147.641563,,17231012147.641563
2020-10-28,85.15,85.41,83.84,83.85,8727340,-1.3,-1.53,84.5625,TSM,288.11,1494101063322,1.216,2.89546,134.25-296.72,-0.36,-0.1248,10159925,11540157,Taiwan Semiconductor Manufacturing Company Limited,USD,0001046179,US8740391003,874039100,New York Stock Exchange,NYSE,Semiconductors,https://www.tsmc.com,C. C. Wei,Technology,TW,65152,886 3 563 6688,Hsinchu Science Park,Hsinchu City,300096,https://images.financialmodelingprep.com/symbol/TSM.png,1997-10-09,,,,,,,,,,,,,,,,,,,,,,,,,,,,,,,,,,,,,,,,,,,,,,,,,,,,,,,,,,,,,,,,,,,,,,,,,,,,,,,,,,,,,,,,,,,,,,,,,,,,,,,,,,,,,,,,,,,,,,,,,,,,,,,,,,,,,,,,,,,,,,,,,,,,,,,,,,,,,,,,,,,,,,,,,,,,,,,,,,,,,,,,,,,,,,,,,,,,,17818736592.98748,,17818736592.98748
2020-10-29,84.27,85.33,84.02,84.89,5845620,0.62,0.73573,84.6275,TSM,288.11,1494101063322,1.216,2.89546,134.25-296.72,-0.36,-0.1248,10159925,11540157,Taiwan Semiconductor Manufacturing Company Limited,USD,0001046179,US8740391003,874039100,New York Stock Exchange,NYSE,Semiconductors,https://www.tsmc.com,C. C. Wei,Technology,TW,65152,886 3 563 6688,Hsinchu Science Park,Hsinchu City,300096,https://images.financialmodelingprep.com/symbol/TSM.png,1997-10-09,,,,,,,,,,,,,,,,,,,,,,,,,,,,,,,,,,,,,,,,,,,,,,,,,,,,,,,,,,,,,,,,,,,,,,,,,,,,,,,,,,,,,,,,,,,,,,,,,,,,,,,,,,,,,,,,,,,,,,,,,,,,,,,,,,,,,,,,,,,,,,,,,,,,,,,,,,,,,,,,,,,,,,,,,,,,,,,,,,,,,,,,,,,,,,,,,,,,,17600436604.099422,,17600436604.099422
2020-10-30,84.43,84.75,83.16,83.87,4964485,-0.56,-0.66327,84.0525,TSM,288.11,1494101063322,1.216,2.89546,134.25-296.72,-0.36,-0.1248,10159925,11540157,Taiwan Semiconductor Manufacturing Company Limited,USD,0001046179,US8740391003,874039100,New York Stock Exchange,NYSE,Semiconductors,https://www.tsmc.com,C. C. Wei,Technology,TW,65152,886 3 563 6688,Hsinchu Science Park,Hsinchu City,300096,https://images.financialmodelingprep.com/symbol/TSM.png,1997-10-09,,,,,,,,,,,,,,,,,,,,,,,,,,,,,,,,,,,,,,,,,,,,,,,,,,,,,,,,,,,,,,,,,,,,,,,,,,,,,,,,,,,,,,,,,,,,,,,,,,,,,,,,,,,,,,,,,,,,,,,,,,,,,,,,,,,,,,,,,,,,,,,,,,,,,,,,,,,,,,,,,,,,,,,,,,,,,,,,,,,,,,,,,,,,,,,,,,,,,17814487460.617622,,17814487460.617622
2020-11-02,84.6,85.96,84.53,85.71,6597100,1.11,1.31,85.2,TSM,288.11,1494101063322,1.216,2.89546,134.25-296.72,-0.36,-0.1248,10159925,11540157,Taiwan Semiconductor Manufacturing Company Limited,USD,0001046179,US8740391003,874039100,New York Stock Exchange,NYSE,Semiconductors,https://www.tsmc.com,C. C. Wei,Technology,TW,65152,886 3 563 6688,Hsinchu Science Park,Hsinchu City,300096,https://images.financialmodelingprep.com/symbol/TSM.png,1997-10-09,,,,,,,,,,,,,,,,,,,,,,,,,,,,,,,,,,,,,,,,,,,,,,,,,,,,,,,,,,,,,,,,,,,,,,,,,,,,,,,,,,,,,,,,,,,,,,,,,,,,,,,,,,,,,,,,,,,,,,,,,,,,,,,,,,,,,,,,,,,,,,,,,,,,,,,,,,,,,,,,,,,,,,,,,,,,,,,,,,,,,,,,,,,,,,,,,,,,,17432050674.623734,,17432050674.623734
2020-11-03,86.19,88.24,86.06,87.69,6274700,1.5,1.74,87.045,TSM,288.11,1494101063322,1.216,2.89546,134.25-296.72,-0.36,-0.1248,10159925,11540157,Taiwan Semiconductor Manufacturing Company Limited,USD,0001046179,US8740391003,874039100,New York Stock Exchange,NYSE,Semiconductors,https://www.tsmc.com,C. C. Wei,Technology,TW,65152,886 3 563 6688,Hsinchu Science Park,Hsinchu City,300096,https://images.financialmodelingprep.com/symbol/TSM.png,1997-10-09,,,,,,,,,,,,,,,,,,,,,,,,,,,,,,,,,,,,,,,,,,,,,,,,,,,,,,,,,,,,,,,,,,,,,,,,,,,,,,,,,,,,,,,,,,,,,,,,,,,,,,,,,,,,,,,,,,,,,,,,,,,,,,,,,,,,,,,,,,,,,,,,,,,,,,,,,,,,,,,,,,,,,,,,,,,,,,,,,,,,,,,,,,,,,,,,,,,,,17038442961.82005,,17038442961.82005
2020-11-04,88.72,89.77,88.46,89.45,7620827,0.73,0.82281,89.1,TSM,288.11,1494101063322,1.216,2.89546,134.25-296.72,-0.36,-0.1248,10159925,11540157,Taiwan Semiconductor Manufacturing Company Limited,USD,0001046179,US8740391003,874039100,New York Stock Exchange,NYSE,Semiconductors,https://www.tsmc.com,C. C. Wei,Technology,TW,65152,886 3 563 6688,Hsinchu Science Park,Hsinchu City,300096,https://images.financialmodelingprep.com/symbol/TSM.png,1997-10-09,,,,,,,,,,,,,,,,,,,,,,,,,,,,,,,,,,,,,,,,,,,,,,,,,,,,,,,,,,,,,,,,,,,,,,,,,,,,,,,,,,,,,,,,,,,,,,,,,,,,,,,,,,,,,,,,,,,,,,,,,,,,,,,,,,,,,,,,,,,,,,,,,,,,,,,,,,,,,,,,,,,,,,,,,,,,,,,,,,,,,,,,,,,,,,,,,,,,,16703198024.840693,,16703198024.840693
2020-11-05,90.42,90.96,89.77,90.43,6670100,0.01,0.0110595,90.395,TSM,288.11,1494101063322,1.216,2.89546,134.25-296.72,-0.36,-0.1248,10159925,11540157,Taiwan Semiconductor Manufacturing Company Limited,USD,0001046179,US8740391003,874039100,New York Stock Exchange,NYSE,Semiconductors,https://www.tsmc.com,C. C. Wei,Technology,TW,65152,886 3 563 6688,Hsinchu Science Park,Hsinchu City,300096,https://images.financialmodelingprep.com/symbol/TSM.png,1997-10-09,,,,,,,,,,,,,,,,,,,,,,,,,,,,,,,,,,,,,,,,,,,,,,,,,,,,,,,,,,,,,,,,,,,,,,,,,,,,,,,,,,,,,,,,,,,,,,,,,,,,,,,,,,,,,,,,,,,,,,,,,,,,,,,,,,,,,,,,,,,,,,,,,,,,,,,,,,,,,,,,,,,,,,,,,,,,,,,,,,,,,,,,,,,,,,,,,,,,,16522183604.135794,,16522183604.135794
2020-11-06,89.81,91.5,89.05,91.41,6403000,1.6,1.78,90.4425,TSM,288.11,1494101063322,1.216,2.89546,134.25-296.72,-0.36,-0.1248,10159925,11540157,Taiwan Semiconductor Manufacturing Company Limited,USD,0001046179,US8740391003,874039100,New York Stock Exchange,NYSE,Semiconductors,https://www.tsmc.com,C. C. Wei,Technology,TW,65152,886 3 563 6688,Hsinchu Science Park,Hsinchu City,300096,https://images.financialmodelingprep.com/symbol/TSM.png,1997-10-09,,,,,,,,,,,,,,,,,,,,,,,,,,,,,,,,,,,,,,,,,,,,,,,,,,,,,,,,,,,,,,,,,,,,,,,,,,,,,,,,,,,,,,,,,,,,,,,,,,,,,,,,,,,,,,,,,,,,,,,,,,,,,,,,,,,,,,,,,,,,,,,,,,,,,,,,,,,,,,,,,,,,,,,,,,,,,,,,,,,,,,,,,,,,,,,,,,,,,16345050468.460781,,16345050468.460781
2020-11-09,92.2,92.48,88.94,89.03,8978048,-3.17,-3.44,90.6625,TSM,288.11,1494101063322,1.216,2.89546,134.25-296.72,-0.36,-0.1248,10159925,11540157,Taiwan Semiconductor Manufacturing Company Limited,USD,0001046179,US8740391003,874039100,New York Stock Exchange,NYSE,Semiconductors,https://www.tsmc.com,C. C. Wei,Technology,TW,65152,886 3 563 6688,Hsinchu Science Park,Hsinchu City,300096,https://images.financialmodelingprep.com/symbol/TSM.png,1997-10-09,,,,,,,,,,,,,,,,,,,,,,,,,,,,,,,,,,,,,,,,,,,,,,,,,,,,,,,,,,,,,,,,,,,,,,,,,,,,,,,,,,,,,,,,,,,,,,,,,,,,,,,,,,,,,,,,,,,,,,,,,,,,,,,,,,,,,,,,,,,,,,,,,,,,,,,,,,,,,,,,,,,,,,,,,,,,,,,,,,,,,,,,,,,,,,,,,,,,,16781995544.445692,,16781995544.445692
2020-11-10,88.4,88.8,86.7,87.66,8350100,-0.74,-0.8371,87.89,TSM,288.11,1494101063322,1.216,2.89546,134.25-296.72,-0.36,-0.1248,10159925,11540157,Taiwan Semiconductor Manufacturing Company Limited,USD,0001046179,US8740391003,874039100,New York Stock Exchange,NYSE,Semiconductors,https://www.tsmc.com,C. C. Wei,Technology,TW,65152,886 3 563 6688,Hsinchu Science Park,Hsinchu City,300096,https://images.financialmodelingprep.com/symbol/TSM.png,1997-10-09,,,,,,,,,,,,,,,,,,,,,,,,,,,,,,,,,,,,,,,,,,,,,,,,,,,,,,,,,,,,,,,,,,,,,,,,,,,,,,,,,,,,,,,,,,,,,,,,,,,,,,,,,,,,,,,,,,,,,,,,,,,,,,,,,,,,,,,,,,,,,,,,,,,,,,,,,,,,,,,,,,,,,,,,,,,,,,,,,,,,,,,,,,,,,,,,,,,,,17044274051.129364,,17044274051.129364
2020-11-11,89.5,91.18,89.36,90.88,7707331,1.38,1.54,90.23,TSM,288.11,1494101063322,1.216,2.89546,134.25-296.72,-0.36,-0.1248,10159925,11540157,Taiwan Semiconductor Manufacturing Company Limited,USD,0001046179,US8740391003,874039100,New York Stock Exchange,NYSE,Semiconductors,https://www.tsmc.com,C. C. Wei,Technology,TW,65152,886 3 563 6688,Hsinchu Science Park,Hsinchu City,300096,https://images.financialmodelingprep.com/symbol/TSM.png,1997-10-09,,,,,,,,,,,,,,,,,,,,,,,,,,,,,,,,,,,,,,,,,,,,,,,,,,,,,,,,,,,,,,,,,,,,,,,,,,,,,,,,,,,,,,,,,,,,,,,,,,,,,,,,,,,,,,,,,,,,,,,,,,,,,,,,,,,,,,,,,,,,,,,,,,,,,,,,,,,,,,,,,,,,,,,,,,,,,,,,,,,,,,,,,,,,,,,,,,,,,16440372615.77905,,16440372615.77905
2020-11-12,90.88,91.89,89.78,89.82,7481999,-1.06,-1.17,90.5925,TSM,288.11,1494101063322,1.216,2.89546,134.25-296.72,-0.36,-0.1248,10159925,11540157,Taiwan Semiconductor Manufacturing Company Limited,USD,0001046179,US8740391003,874039100,New York Stock Exchange,NYSE,Semiconductors,https://www.tsmc.com,C. C. Wei,Technology,TW,65152,886 3 563 6688,Hsinchu Science Park,Hsinchu City,300096,https://images.financialmodelingprep.com/symbol/TSM.png,1997-10-09,,,,,,,,,,,,,,,,,,,,,,,,,,,,,,,,,,,,,,,,,,,,,,,,,,,,,,,,,,,,,,,,,,,,,,,,,,,,,,,,,,,,,,,,,,,,,,,,,,,,,,,,,,,,,,,,,,,,,,,,,,,,,,,,,,,,,,,,,,,,,,,,,,,,,,,,,,,,,,,,,,,,,,,,,,,,,,,,,,,,,,,,,,,,,,,,,,,,,16634391709.218437,,16634391709.218437
2020-11-13,91.54,93.81,91.21,93.22,9180058,1.68,1.84,92.445,TSM,288.11,1494101063322,1.216,2.89546,134.25-296.72,-0.36,-0.1248,10159925,11540157,Taiwan Semiconductor Manufacturing Company Limited,USD,0001046179,US8740391003,874039100,New York Stock Exchange,NYSE,Semiconductors,https://www.tsmc.com,C. C. Wei,Technology,TW,65152,886 3 563 6688,Hsinchu Science Park,Hsinchu City,300096,https://images.financialmodelingprep.com/symbol/TSM.png,1997-10-09,,,,,,,,,,,,,,,,,,,,,,,,,,,,,,,,,,,,,,,,,,,,,,,,,,,,,,,,,,,,,,,,,,,,,,,,,,,,,,,,,,,,,,,,,,,,,,,,,,,,,,,,,,,,,,,,,,,,,,,,,,,,,,,,,,,,,,,,,,,,,,,,,,,,,,,,,,,,,,,,,,,,,,,,,,,,,,,,,,,,,,,,,,,,,,,,,,,,,16027687870.864622,,16027687870.864622
2020-11-16,96.42,102.44,96.36,99.27,18436213,2.85,2.96,98.6225,TSM,288.11,1494101063322,1.216,2.89546,134.25-296.72,-0.36,-0.1248,10159925,11540157,Taiwan Semiconductor Manufacturing Company Limited,USD,0001046179,US8740391003,874039100,New York Stock Exchange,NYSE,Semiconductors,https://www.tsmc.com,C. C. Wei,Technology,TW,65152,886 3 563 6688,Hsinchu Science Park,Hsinchu City,300096,https://images.financialmodelingprep.com/symbol/TSM.png,1997-10-09,,,,,,,,,,,,,,,,,,,,,,,,,,,,,,,,,,,,,,,,,,,,,,,,,,,,,,,,,,,,,,,,,,,,,,,,,,,,,,,,,,,,,,,,,,,,,,,,,,,,,,,,,,,,,,,,,,,,,,,,,,,,,,,,,,,,,,,,,,,,,,,,,,,,,,,,,,,,,,,,,,,,,,,,,,,,,,,,,,,,,,,,,,,,,,,,,,,,,15050882072.348143,,15050882072.348143
2020-11-17,97.98,98.09,95.69,95.71,10843700,-2.27,-2.32,96.8675,TSM,288.11,1494101063322,1.216,2.89546,134.25-296.72,-0.36,-0.1248,10159925,11540157,Taiwan Semiconductor Manufacturing Company Limited,USD,0001046179,US8740391003,874039100,New York Stock Exchange,NYSE,Semiconductors,https://www.tsmc.com,C. C. Wei,Technology,TW,65152,886 3 563 6688,Hsinchu Science Park,Hsinchu City,300096,https://images.financialmodelingprep.com/symbol/TSM.png,1997-10-09,,,,,,,,,,,,,,,,,,,,,,,,,,,,,,,,,,,,,,,,,,,,,,,,,,,,,,,,,,,,,,,,,,,,,,,,,,,,,,,,,,,,,,,,,,,,,,,,,,,,,,,,,,,,,,,,,,,,,,,,,,,,,,,,,,,,,,,,,,,,,,,,,,,,,,,,,,,,,,,,,,,,,,,,,,,,,,,,,,,,,,,,,,,,,,,,,,,,,15610710096.353569,,15610710096.353569
2020-11-18,98.52,98.8,96.37,96.93,8526600,-1.59,-1.61,97.655,TSM,288.11,1494101063322,1.216,2.89546,134.25-296.72,-0.36,-0.1248,10159925,11540157,Taiwan Semiconductor Manufacturing Company Limited,USD,0001046179,US8740391003,874039100,New York Stock Exchange,NYSE,Semiconductors,https://www.tsmc.com,C. C. Wei,Technology,TW,65152,886 3 563 6688,Hsinchu Science Park,Hsinchu City,300096,https://images.financialmodelingprep.com/symbol/TSM.png,1997-10-09,,,,,,,,,,,,,,,,,,,,,,,,,,,,,,,,,,,,,,,,,,,,,,,,,,,,,,,,,,,,,,,,,,,,,,,,,,,,,,,,,,,,,,,,,,,,,,,,,,,,,,,,,,,,,,,,,,,,,,,,,,,,,,,,,,,,,,,,,,,,,,,,,,,,,,,,,,,,,,,,,,,,,,,,,,,,,,,,,,,,,,,,,,,,,,,,,,,,,15414227414.856081,,15414227414.856081
2020-11-19,96.77,96.86,95.62,96.61,5542800,-0.16,-0.16534,96.465,TSM,288.11,1494101063322,1.216,2.89546,134.25-296.72,-0.36,-0.1248,10159925,11540157,Taiwan Semiconductor Manufacturing Company Limited,USD,0001046179,US8740391003,874039100,New York Stock Exchange,NYSE,Semiconductors,https://www.tsmc.com,C. C. Wei,Technology,TW,65152,886 3 563 6688,Hsinchu Science Park,Hsinchu City,300096,https://images.financialmodelingprep.com/symbol/TSM.png,1997-10-09,,,,,,,,,,,,,,,,,,,,,,,,,,,,,,,,,,,,,,,,,,,,,,,,,,,,,,,,,,,,,,,,,,,,,,,,,,,,,,,,,,,,,,,,,,,,,,,,,,,,,,,,,,,,,,,,,,,,,,,,,,,,,,,,,,,,,,,,,,,,,,,,,,,,,,,,,,,,,,,,,,,,,,,,,,,,,,,,,,,,,,,,,,,,,,,,,,,,,15465283752.427284,,15465283752.427284
2020-11-20,96.66,97.2,95.3,95.33,5335994,-1.33,-1.38,96.1225,TSM,288.11,1494101063322,1.216,2.89546,134.25-296.72,-0.36,-0.1248,10159925,11540157,Taiwan Semiconductor Manufacturing Company Limited,USD,0001046179,US8740391003,874039100,New York Stock Exchange,NYSE,Semiconductors,https://www.tsmc.com,C. C. Wei,Technology,TW,65152,886 3 563 6688,Hsinchu Science Park,Hsinchu City,300096,https://images.financialmodelingprep.com/symbol/TSM.png,1997-10-09,,,,,,,,,,,,,,,,,,,,,,,,,,,,,,,,,,,,,,,,,,,,,,,,,,,,,,,,,,,,,,,,,,,,,,,,,,,,,,,,,,,,,,,,,,,,,,,,,,,,,,,,,,,,,,,,,,,,,,,,,,,,,,,,,,,,,,,,,,,,,,,,,,,,,,,,,,,,,,,,,,,,,,,,,,,,,,,,,,,,,,,,,,,,,,,,,,,,,15672936780.887444,,15672936780.887444
2020-11-23,97.16,98.93,96.85,98.13,8806565,0.97,0.99835,97.7675,TSM,288.11,1494101063322,1.216,2.89546,134.25-296.72,-0.36,-0.1248,10159925,11540157,Taiwan Semiconductor Manufacturing Company Limited,USD,0001046179,US8740391003,874039100,New York Stock Exchange,NYSE,Semiconductors,https://www.tsmc.com,C. C. Wei,Technology,TW,65152,886 3 563 6688,Hsinchu Science Park,Hsinchu City,300096,https://images.financialmodelingprep.com/symbol/TSM.png,1997-10-09,,,,,,,,,,,,,,,,,,,,,,,,,,,,,,,,,,,,,,,,,,,,,,,,,,,,,,,,,,,,,,,,,,,,,,,,,,,,,,,,,,,,,,,,,,,,,,,,,,,,,,,,,,,,,,,,,,,,,,,,,,,,,,,,,,,,,,,,,,,,,,,,,,,,,,,,,,,,,,,,,,,,,,,,,,,,,,,,,,,,,,,,,,,,,,,,,,,,,15225731818.220728,,15225731818.220728
2020-11-24,98.49,98.59,96.02,96.64,7022831,-1.85,-1.88,97.435,TSM,288.11,1494101063322,1.216,2.89546,134.25-296.72,-0.36,-0.1248,10159925,11540157,Taiwan Semiconductor Manufacturing Company Limited,USD,0001046179,US8740391003,874039100,New York Stock Exchange,NYSE,Semiconductors,https://www.tsmc.com,C. C. Wei,Technology,TW,65152,886 3 563 6688,Hsinchu Science Park,Hsinchu City,300096,https://images.financialmodelingprep.com/symbol/TSM.png,1997-10-09,,,,,,,,,,,,,,,,,,,,,,,,,,,,,,,,,,,,,,,,,,,,,,,,,,,,,,,,,,,,,,,,,,,,,,,,,,,,,,,,,,,,,,,,,,,,,,,,,,,,,,,,,,,,,,,,,,,,,,,,,,,,,,,,,,,,,,,,,,,,,,,,,,,,,,,,,,,,,,,,,,,,,,,,,,,,,,,,,,,,,,,,,,,,,,,,,,,,,15460482857.222683,,15460482857.222683
2020-11-25,96.2,97.99,96.14,97.49,5194900,1.29,1.34,96.955,TSM,288.11,1494101063322,1.216,2.89546,134.25-296.72,-0.36,-0.1248,10159925,11540157,Taiwan Semiconductor Manufacturing Company Limited,USD,0001046179,US8740391003,874039100,New York Stock Exchange,NYSE,Semiconductors,https://www.tsmc.com,C. C. Wei,Technology,TW,65152,886 3 563 6688,Hsinchu Science Park,Hsinchu City,300096,https://images.financialmodelingprep.com/symbol/TSM.png,1997-10-09,,,,,,,,,,,,,,,,,,,,,,,,,,,,,,,,,,,,,,,,,,,,,,,,,,,,,,,,,,,,,,,,,,,,,,,,,,,,,,,,,,,,,,,,,,,,,,,,,,,,,,,,,,,,,,,,,,,,,,,,,,,,,,,,,,,,,,,,,,,,,,,,,,,,,,,,,,,,,,,,,,,,,,,,,,,,,,,,,,,,,,,,,,,,,,,,,,,,,15325685335.13181,,15325685335.13181
2020-11-27,98.54,99.27,98.05,98.74,4367100,0.2,0.20296,98.65,TSM,288.11,1494101063322,1.216,2.89546,134.25-296.72,-0.36,-0.1248,10159925,11540157,Taiwan Semiconductor Manufacturing Company Limited,USD,0001046179,US8740391003,874039100,New York Stock Exchange,NYSE,Semiconductors,https://www.tsmc.com,C. C. Wei,Technology,TW,65152,886 3 563 6688,Hsinchu Science Park,Hsinchu City,300096,https://images.financialmodelingprep.com/symbol/TSM.png,1997-10-09,,,,,,,,,,,,,,,,,,,,,,,,,,,,,,,,,,,,,,,,,,,,,,,,,,,,,,,,,,,,,,,,,,,,,,,,,,,,,,,,,,,,,,,,,,,,,,,,,,,,,,,,,,,,,,,,,,,,,,,,,,,,,,,,,,,,,,,,,,,,,,,,,,,,,,,,,,,,,,,,,,,,,,,,,,,,,,,,,,,,,,,,,,,,,,,,,,,,,15131669671.075552,,15131669671.075552
2020-11-30,97.56,97.95,96.2,97.02,13840521,-0.54,-0.55351,97.1825,TSM,288.11,1494101063322,1.216,2.89546,134.25-296.72,-0.36,-0.1248,10159925,11540157,Taiwan Semiconductor Manufacturing Company Limited,USD,0001046179,US8740391003,874039100,New York Stock Exchange,NYSE,Semiconductors,https://www.tsmc.com,C. C. Wei,Technology,TW,65152,886 3 563 6688,Hsinchu Science Park,Hsinchu City,300096,https://images.financialmodelingprep.com/symbol/TSM.png,1997-10-09,,,,,,,,,,,,,,,,,,,,,,,,,,,,,,,,,,,,,,,,,,,,,,,,,,,,,,,,,,,,,,,,,,,,,,,,,,,,,,,,,,,,,,,,,,,,,,,,,,,,,,,,,,,,,,,,,,,,,,,,,,,,,,,,,,,,,,,,,,,,,,,,,,,,,,,,,,,,,,,,,,,,,,,,,,,,,,,,,,,,,,,,,,,,,,,,,,,,,15399928502.597403,,15399928502.597403
2020-12-01,98.69,104.3,98.52,100.86,16164733,2.17,2.2,100.5925,TSM,288.11,1494101063322,1.216,2.89546,134.25-296.72,-0.36,-0.1248,10159925,11540157,Taiwan Semiconductor Manufacturing Company Limited,USD,0001046179,US8740391003,874039100,New York Stock Exchange,NYSE,Semiconductors,https://www.tsmc.com,C. C. Wei,Technology,TW,65152,886 3 563 6688,Hsinchu Science Park,Hsinchu City,300096,https://images.financialmodelingprep.com/symbol/TSM.png,1997-10-09,,,,,,,,,,,,,,,,,,,,,,,,,,,,,,,,,,,,,,,,,,,,,,,,,,,,,,,,,,,,,,,,,,,,,,,,,,,,,,,,,,,,,,,,,,,,,,,,,,,,,,,,,,,,,,,,,,,,,,,,,,,,,,,,,,,,,,,,,,,,,,,,,,,,,,,,,,,,,,,,,,,,,,,,,,,,,,,,,,,,,,,,,,,,,,,,,,,,,14813613556.632957,,14813613556.632957
2020-12-02,102.0,102.04,99.52,99.54,8676338,-2.46,-2.41,100.775,TSM,288.11,1494101063322,1.216,2.89546,134.25-296.72,-0.36,-0.1248,10159925,11540157,Taiwan Semiconductor Manufacturing Company Limited,USD,0001046179,US8740391003,874039100,New York Stock Exchange,NYSE,Semiconductors,https://www.tsmc.com,C. C. Wei,Technology,TW,65152,886 3 563 6688,Hsinchu Science Park,Hsinchu City,300096,https://images.financialmodelingprep.com/symbol/TSM.png,1997-10-09,,,,,,,,,,,,,,,,,,,,,,,,,,,,,,,,,,,,,,,,,,,,,,,,,,,,,,,,,,,,,,,,,,,,,,,,,,,,,,,,,,,,,,,,,,,,,,,,,,,,,,,,,,,,,,,,,,,,,,,,,,,,,,,,,,,,,,,,,,,,,,,,,,,,,,,,,,,,,,,,,,,,,,,,,,,,,,,,,,,,,,,,,,,,,,,,,,,,,15010056894.936708,,15010056894.936708
2020-12-03,101.06,101.19,99.43,99.5,7359000,-1.56,-1.54,100.295,TSM,288.11,1494101063322,1.216,2.89546,134.25-296.72,-0.36,-0.1248,10159925,11540157,Taiwan Semiconductor Manufacturing Company Limited,USD,0001046179,US8740391003,874039100,New York Stock Exchange,NYSE,Semiconductors,https://www.tsmc.com,C. C. Wei,Technology,TW,65152,886 3 563 6688,Hsinchu Science Park,Hsinchu City,300096,https://images.financialmodelingprep.com/symbol/TSM.png,1997-10-09,,,,,,,,,,,,,,,,,,,,,,,,,,,,,,,,,,,,,,,,,,,,,,,,,,,,,,,,,,,,,,,,,,,,,,,,,,,,,,,,,,,,,,,,,,,,,,,,,,,,,,,,,,,,,,,,,,,,,,,,,,,,,,,,,,,,,,,,,,,,,,,,,,,,,,,,,,,,,,,,,,,,,,,,,,,,,,,,,,,,,,,,,,,,,,,,,,,,,15016091088.663317,,15016091088.663317
2020-12-04,101.51,103.75,100.7,103.73,10824540,2.22,2.19,102.4225,TSM,288.11,1494101063322,1.216,2.89546,134.25-296.72,-0.36,-0.1248,10159925,11540157,Taiwan Semiconductor Manufacturing Company Limited,USD,0001046179,US8740391003,874039100,New York Stock Exchange,NYSE,Semiconductors,https://www.tsmc.com,C. C. Wei,Technology,TW,65152,886 3 563 6688,Hsinchu Science Park,Hsinchu City,300096,https://images.financialmodelingprep.com/symbol/TSM.png,1997-10-09,,,,,,,,,,,,,,,,,,,,,,,,,,,,,,,,,,,,,,,,,,,,,,,,,,,,,,,,,,,,,,,,,,,,,,,,,,,,,,,,,,,,,,,,,,,,,,,,,,,,,,,,,,,,,,,,,,,,,,,,,,,,,,,,,,,,,,,,,,,,,,,,,,,,,,,,,,,,,,,,,,,,,,,,,,,,,,,,,,,,,,,,,,,,,,,,,,,,,14403750730.955364,,14403750730.955364
2020-12-07,106.02,107.61,104.97,106.39,11793000,0.37,0.34899,106.2475,TSM,288.11,1494101063322,1.216,2.89546,134.25-296.72,-0.36,-0.1248,10159925,11540157,Taiwan Semiconductor Manufacturing Company Limited,USD,0001046179,US8740391003,874039100,New York Stock Exchange,NYSE,Semiconductors,https://www.tsmc.com,C. C. Wei,Technology,TW,65152,886 3 563 6688,Hsinchu Science Park,Hsinchu City,300096,https://images.financialmodelingprep.com/symbol/TSM.png,1997-10-09,,,,,,,,,,,,,,,,,,,,,,,,,,,,,,,,,,,,,,,,,,,,,,,,,,,,,,,,,,,,,,,,,,,,,,,,,,,,,,,,,,,,,,,,,,,,,,,,,,,,,,,,,,,,,,,,,,,,,,,,,,,,,,,,,,,,,,,,,,,,,,,,,,,,,,,,,,,,,,,,,,,,,,,,,,,,,,,,,,,,,,,,,,,,,,,,,,,,,14043623116.101137,,14043623116.101137
2020-12-08,107.78,107.84,105.11,105.64,9876217,-2.14,-1.99,106.5925,TSM,288.11,1494101063322,1.216,2.89546,134.25-296.72,-0.36,-0.1248,10159925,11540157,Taiwan Semiconductor Manufacturing Company Limited,USD,0001046179,US8740391003,874039100,New York Stock Exchange,NYSE,Semiconductors,https://www.tsmc.com,C. C. Wei,Technology,TW,65152,886 3 563 6688,Hsinchu Science Park,Hsinchu City,300096,https://images.financialmodelingprep.com/symbol/TSM.png,1997-10-09,,,,,,,,,,,,,,,,,,,,,,,,,,,,,,,,,,,,,,,,,,,,,,,,,,,,,,,,,,,,,,,,,,,,,,,,,,,,,,,,,,,,,,,,,,,,,,,,,,,,,,,,,,,,,,,,,,,,,,,,,,,,,,,,,,,,,,,,,,,,,,,,,,,,,,,,,,,,,,,,,,,,,,,,,,,,,,,,,,,,,,,,,,,,,,,,,,,,,14143326990.931465,,14143326990.931465
2020-12-09,106.01,106.6,103.51,104.42,8204104,-1.59,-1.5,105.135,TSM,288.11,1494101063322,1.216,2.89546,134.25-296.72,-0.36,-0.1248,10159925,11540157,Taiwan Semiconductor Manufacturing Company Limited,USD,0001046179,US8740391003,874039100,New York Stock Exchange,NYSE,Semiconductors,https://www.tsmc.com,C. C. Wei,Technology,TW,65152,886 3 563 6688,Hsinchu Science Park,Hsinchu City,300096,https://images.financialmodelingprep.com/symbol/TSM.png,1997-10-09,,,,,,,,,,,,,,,,,,,,,,,,,,,,,,,,,,,,,,,,,,,,,,,,,,,,,,,,,,,,,,,,,,,,,,,,,,,,,,,,,,,,,,,,,,,,,,,,,,,,,,,,,,,,,,,,,,,,,,,,,,,,,,,,,,,,,,,,,,,,,,,,,,,,,,,,,,,,,,,,,,,,,,,,,,,,,,,,,,,,,,,,,,,,,,,,,,,,,14308571761.367554,,14308571761.367554
2020-12-10,103.0,105.11,102.2,104.23,7135041,1.23,1.19,103.635,TSM,288.11,1494101063322,1.216,2.89546,134.25-296.72,-0.36,-0.1248,10159925,11540157,Taiwan Semiconductor Manufacturing Company Limited,USD,0001046179,US8740391003,874039100,New York Stock Exchange,NYSE,Semiconductors,https://www.tsmc.com,C. C. Wei,Technology,TW,65152,886 3 563 6688,Hsinchu Science Park,Hsinchu City,300096,https://images.financialmodelingprep.com/symbol/TSM.png,1997-10-09,,,,,,,,,,,,,,,,,,,,,,,,,,,,,,,,,,,,,,,,,,,,,,,,,,,,,,,,,,,,,,,,,,,,,,,,,,,,,,,,,,,,,,,,,,,,,,,,,,,,,,,,,,,,,,,,,,,,,,,,,,,,,,,,,,,,,,,,,,,,,,,,,,,,,,,,,,,,,,,,,,,,,,,,,,,,,,,,,,,,,,,,,,,,,,,,,,,,,14334654737.81061,,14334654737.81061
2020-12-11,104.01,105.12,103.22,104.03,7492600,0.02,0.01922892,104.095,TSM,288.11,1494101063322,1.216,2.89546,134.25-296.72,-0.36,-0.1248,10159925,11540157,Taiwan Semiconductor Manufacturing Company Limited,USD,0001046179,US8740391003,874039100,New York Stock Exchange,NYSE,Semiconductors,https://www.tsmc.com,C. C. Wei,Technology,TW,65152,886 3 563 6688,Hsinchu Science Park,Hsinchu City,300096,https://images.financialmodelingprep.com/symbol/TSM.png,1997-10-09,,,,,,,,,,,,,,,,,,,,,,,,,,,,,,,,,,,,,,,,,,,,,,,,,,,,,,,,,,,,,,,,,,,,,,,,,,,,,,,,,,,,,,,,,,,,,,,,,,,,,,,,,,,,,,,,,,,,,,,,,,,,,,,,,,,,,,,,,,,,,,,,,,,,,,,,,,,,,,,,,,,,,,,,,,,,,,,,,,,,,,,,,,,,,,,,,,,,,14362213431.913872,,14362213431.913872
2020-12-14,103.77,104.9,103.5,103.56,5878013,-0.21,-0.20237,103.9325,TSM,288.11,1494101063322,1.216,2.89546,134.25-296.72,-0.36,-0.1248,10159925,11540157,Taiwan Semiconductor Manufacturing Company Limited,USD,0001046179,US8740391003,874039100,New York Stock Exchange,NYSE,Semiconductors,https://www.tsmc.com,C. C. Wei,Technology,TW,65152,886 3 563 6688,Hsinchu Science Park,Hsinchu City,300096,https://images.financialmodelingprep.com/symbol/TSM.png,1997-10-09,,,,,,,,,,,,,,,,,,,,,,,,,,,,,,,,,,,,,,,,,,,,,,,,,,,,,,,,,,,,,,,,,,,,,,,,,,,,,,,,,,,,,,,,,,,,,,,,,,,,,,,,,,,,,,,,,,,,,,,,,,,,,,,,,,,,,,,,,,,,,,,,,,,,,,,,,,,,,,,,,,,,,,,,,,,,,,,,,,,,,,,,,,,,,,,,,,,,,14427395358.458864,,14427395358.458864
2020-12-15,105.68,106.38,104.42,105.09,7403995,-0.59,-0.55829,105.3925,TSM,288.11,1494101063322,1.216,2.89546,134.25-296.72,-0.36,-0.1248,10159925,11540157,Taiwan Semiconductor Manufacturing Company Limited,USD,0001046179,US8740391003,874039100,New York Stock Exchange,NYSE,Semiconductors,https://www.tsmc.com,C. C. Wei,Technology,TW,65152,886 3 563 6688,Hsinchu Science Park,Hsinchu City,300096,https://images.financialmodelingprep.com/symbol/TSM.png,1997-10-09,,,,,,,,,,,,,,,,,,,,,,,,,,,,,,,,,,,,,,,,,,,,,,,,,,,,,,,,,,,,,,,,,,,,,,,,,,,,,,,,,,,,,,,,,,,,,,,,,,,,,,,,,,,,,,,,,,,,,,,,,,,,,,,,,,,,,,,,,,,,,,,,,,,,,,,,,,,,,,,,,,,,,,,,,,,,,,,,,,,,,,,,,,,,,,,,,,,,,14217347638.424208,,14217347638.424208
2020-12-16,105.65,105.67,103.96,105.2,5986900,-0.45,-0.42593,105.12,TSM,288.11,1494101063322,1.216,2.89546,134.25-296.72,-0.36,-0.1248,10159925,11540157,Taiwan Semiconductor Manufacturing Company Limited,USD,0001046179,US8740391003,874039100,New York Stock Exchange,NYSE,Semiconductors,https://www.tsmc.com,C. C. Wei,Technology,TW,65152,886 3 563 6688,Hsinchu Science Park,Hsinchu City,300096,https://images.financialmodelingprep.com/symbol/TSM.png,1997-10-09,,,,,,,,,,,,,,,,,,,,,,,,,,,,,,,,,,,,,,,,,,,,,,,,,,,,,,,,,,,,,,,,,,,,,,,,,,,,,,,,,,,,,,,,,,,,,,,,,,,,,,,,,,,,,,,,,,,,,,,,,,,,,,,,,,,,,,,,,,,,,,,,,,,,,,,,,,,,,,,,,,,,,,,,,,,,,,,,,,,,,,,,,,,,,,,,,,,,,14202481590.513308,,14202481590.513308
2020-12-17,104.9,105.32,103.85,103.9,7779301,-1.0,-0.95329,104.4925,TSM,288.11,1494101063322,1.216,2.89546,134.25-296.72,-0.36,-0.1248,10159925,11540157,Taiwan Semiconductor Manufacturing Company Limited,USD,0001046179,US8740391003,874039100,New York Stock Exchange,NYSE,Semiconductors,https://www.tsmc.com,C. C. Wei,Technology,TW,65152,886 3 563 6688,Hsinchu Science Park,Hsinchu City,300096,https://images.financialmodelingprep.com/symbol/TSM.png,1997-10-09,,,0.442,,,,,,,,,,,,,,,,,,,,,,,,,,,,,,,,,,,,,,,,,,,,,,,,,,,,,,,,,,,,,,,,,,,,,,,,,,,,,,,,,,,,,,,,,,,,,,,,,,,,,,,,,,,,,,,,,,,,,,,,,,,,,,,,,,,,,,,,,,,,,,,,,,,,,,,,,,,,,,,,,,,,,,,,,,,,,,,,,,,,,,,,,,,,,,,,,,14380183477.59384,,14380183477.59384
2020-12-18,104.0,104.8,103.16,104.28,7417039,0.28,0.26923,104.06,TSM,288.11,1494101063322,1.216,2.89546,134.25-296.72,-0.36,-0.1248,10159925,11540157,Taiwan Semiconductor Manufacturing Company Limited,USD,0001046179,US8740391003,874039100,New York Stock Exchange,NYSE,Semiconductors,https://www.tsmc.com,C. C. Wei,Technology,TW,65152,886 3 563 6688,Hsinchu Science Park,Hsinchu City,300096,https://images.financialmodelingprep.com/symbol/TSM.png,1997-10-09,,,,,,,,,,,,,,,,,,,,,,,,,,,,,,,,,,,,,,,,,,,,,,,,,,,,,,,,,,,,,,,,,,,,,,,,,,,,,,,,,,,,,,,,,,,,,,,,,,,,,,,,,,,,,,,,,,,,,,,,,,,,,,,,,,,,,,,,,,,,,,,,,,,,,,,,,,,,,,,,,,,,,,,,,,,,,,,,,,,,,,,,,,,,,,,,,,,,,14327781581.530495,,14327781581.530495
2020-12-21,103.56,104.96,103.32,104.83,6116400,1.27,1.23,104.1675,TSM,288.11,1494101063322,1.216,2.89546,134.25-296.72,-0.36,-0.1248,10159925,11540157,Taiwan Semiconductor Manufacturing Company Limited,USD,0001046179,US8740391003,874039100,New York Stock Exchange,NYSE,Semiconductors,https://www.tsmc.com,C. C. Wei,Technology,TW,65152,886 3 563 6688,Hsinchu Science Park,Hsinchu City,300096,https://images.financialmodelingprep.com/symbol/TSM.png,1997-10-09,,,,,,,,,,,,,,,,,,,,,,,,,,,,,,,,,,,,,,,,,,,,,,,,,,,,,,,,,,,,,,,,,,,,,,,,,,,,,,,,,,,,,,,,,,,,,,,,,,,,,,,,,,,,,,,,,,,,,,,,,,,,,,,,,,,,,,,,,,,,,,,,,,,,,,,,,,,,,,,,,,,,,,,,,,,,,,,,,,,,,,,,,,,,,,,,,,,,,14252609590.02194,,14252609590.02194
2020-12-22,105.07,105.22,102.91,103.94,5601057,-1.13,-1.08,104.285,TSM,288.11,1494101063322,1.216,2.89546,134.25-296.72,-0.36,-0.1248,10159925,11540157,Taiwan Semiconductor Manufacturing Company Limited,USD,0001046179,US8740391003,874039100,New York Stock Exchange,NYSE,Semiconductors,https://www.tsmc.com,C. C. Wei,Technology,TW,65152,886 3 563 6688,Hsinchu Science Park,Hsinchu City,300096,https://images.financialmodelingprep.com/symbol/TSM.png,1997-10-09,,,,,,,,,,,,,,,,,,,,,,,,,,,,,,,,,,,,,,,,,,,,,,,,,,,,,,,,,,,,,,,,,,,,,,,,,,,,,,,,,,,,,,,,,,,,,,,,,,,,,,,,,,,,,,,,,,,,,,,,,,,,,,,,,,,,,,,,,,,,,,,,,,,,,,,,,,,,,,,,,,,,,,,,,,,,,,,,,,,,,,,,,,,,,,,,,,,,,14374649445.083702,,14374649445.083702
2020-12-23,104.67,104.87,103.6,103.76,3320800,-0.91,-0.8694,104.225,TSM,288.11,1494101063322,1.216,2.89546,134.25-296.72,-0.36,-0.1248,10159925,11540157,Taiwan Semiconductor Manufacturing Company Limited,USD,0001046179,US8740391003,874039100,New York Stock Exchange,NYSE,Semiconductors,https://www.tsmc.com,C. C. Wei,Technology,TW,65152,886 3 563 6688,Hsinchu Science Park,Hsinchu City,300096,https://images.financialmodelingprep.com/symbol/TSM.png,1997-10-09,,,,,,,,,,,,,,,,,,,,,,,,,,,,,,,,,,,,,,,,,,,,,,,,,,,,,,,,,,,,,,,,,,,,,,,,,,,,,,,,,,,,,,,,,,,,,,,,,,,,,,,,,,,,,,,,,,,,,,,,,,,,,,,,,,,,,,,,,,,,,,,,,,,,,,,,,,,,,,,,,,,,,,,,,,,,,,,,,,,,,,,,,,,,,,,,,,,,,14399586192.386276,,14399586192.386276
2020-12-24,104.76,106.34,104.67,105.97,3172110,1.21,1.16,105.435,TSM,288.11,1494101063322,1.216,2.89546,134.25-296.72,-0.36,-0.1248,10159925,11540157,Taiwan Semiconductor Manufacturing Company Limited,USD,0001046179,US8740391003,874039100,New York Stock Exchange,NYSE,Semiconductors,https://www.tsmc.com,C. C. Wei,Technology,TW,65152,886 3 563 6688,Hsinchu Science Park,Hsinchu City,300096,https://images.financialmodelingprep.com/symbol/TSM.png,1997-10-09,,,,,,,,,,,,,,,,,,,,,,,,,,,,,,,,,,,,,,,,,,,,,,,,,,,,,,,,,,,,,,,,,,,,,,,,,,,,,,,,,,,,,,,,,,,,,,,,,,,,,,,,,,,,,,,,,,,,,,,,,,,,,,,,,,,,,,,,,,,,,,,,,,,,,,,,,,,,,,,,,,,,,,,,,,,,,,,,,,,,,,,,,,,,,,,,,,,,,14099283413.437765,,14099283413.437765
2020-12-28,107.6,108.17,105.95,106.15,5157016,-1.45,-1.35,106.9675,TSM,288.11,1494101063322,1.216,2.89546,134.25-296.72,-0.36,-0.1248,10159925,11540157,Taiwan Semiconductor Manufacturing Company Limited,USD,0001046179,US8740391003,874039100,New York Stock Exchange,NYSE,Semiconductors,https://www.tsmc.com,C. C. Wei,Technology,TW,65152,886 3 563 6688,Hsinchu Science Park,Hsinchu City,300096,https://images.financialmodelingprep.com/symbol/TSM.png,1997-10-09,,,,,,,,,,,,,,,,,,,,,,,,,,,,,,,,,,,,,,,,,,,,,,,,,,,,,,,,,,,,,,,,,,,,,,,,,,,,,,,,,,,,,,,,,,,,,,,,,,,,,,,,,,,,,,,,,,,,,,,,,,,,,,,,,,,,,,,,,,,,,,,,,,,,,,,,,,,,,,,,,,,,,,,,,,,,,,,,,,,,,,,,,,,,,,,,,,,,,14075375066.622704,,14075375066.622704
2020-12-29,107.0,107.15,105.22,105.56,4602400,-1.44,-1.35,106.2325,TSM,288.11,1494101063322,1.216,2.89546,134.25-296.72,-0.36,-0.1248,10159925,11540157,Taiwan Semiconductor Manufacturing Company Limited,USD,0001046179,US8740391003,874039100,New York Stock Exchange,NYSE,Semiconductors,https://www.tsmc.com,C. C. Wei,Technology,TW,65152,886 3 563 6688,Hsinchu Science Park,Hsinchu City,300096,https://images.financialmodelingprep.com/symbol/TSM.png,1997-10-09,,,,,,,,,,,,,,,,,,,,,,,,,,,,,,,,,,,,,,,,,,,,,,,,,,,,,,,,,,,,,,,,,,,,,,,,,,,,,,,,,,,,,,,,,,,,,,,,,,,,,,,,,,,,,,,,,,,,,,,,,,,,,,,,,,,,,,,,,,,,,,,,,,,,,,,,,,,,,,,,,,,,,,,,,,,,,,,,,,,,,,,,,,,,,,,,,,,,,14154045692.70557,,14154045692.70557
2020-12-30,107.7,109.7,107.4,108.9,9571800,1.2,1.11,108.425,TSM,288.11,1494101063322,1.216,2.89546,134.25-296.72,-0.36,-0.1248,10159925,11540157,Taiwan Semiconductor Manufacturing Company Limited,USD,0001046179,US8740391003,874039100,New York Stock Exchange,NYSE,Semiconductors,https://www.tsmc.com,C. C. Wei,Technology,TW,65152,886 3 563 6688,Hsinchu Science Park,Hsinchu City,300096,https://images.financialmodelingprep.com/symbol/TSM.png,1997-10-09,,,,,,,,,,,,,,,,,,,,,,,,,,,,,,,,,,,,,,,,,,,,,,,,,,,,,,,,,,,,,,,,,,,,,,,,,,,,,,,,,,,,,,,,,,,,,,,,,,,,,,,,,,,,,,,,,,,,,,,,,,,,,,,,,,,,,,,,,,,,,,,,,,,,,,,,,,,,,,,,,,,,,,,,,,,,,,,,,,,,,,,,,,,,,,,,,,,,,13719936302.314049,,13719936302.314049
2020-12-31,109.66,109.67,108.44,109.04,4909503,-0.62,-0.56538,109.2025,TSM,288.11,1494101063322,1.216,2.89546,134.25-296.72,-0.36,-0.1248,10159925,11540157,Taiwan Semiconductor Manufacturing Company Limited,USD,0001046179,US8740391003,874039100,New York Stock Exchange,NYSE,Semiconductors,https://www.tsmc.com,C. C. Wei,Technology,TW,65152,886 3 563 6688,Hsinchu Science Park,Hsinchu City,300096,https://images.financialmodelingprep.com/symbol/TSM.png,1997-10-09,,,,TSM,TWD,0001046179,2021-04-16,2021-04-16 07:58:57,2020,FY,1339254800000.0,628124700000.0,711130100000.0,109486000000.0,28457600000.0,7112800000.0,35570400000.0,-710000000.0,144346400000.0,772471100000.0,6936900000.0,9018400000.0,2081500000.0,331724600000.0,918552400000.0,586827800000.0,-20044100000.0,566783700000.0,17962600000.0,584746300000.0,73738300000.0,511008000000.0,0.0,0.0,510744000000.0,0.0,510744000000.0,98.5,98.5,5186076000.0,5186076000.0,annual,TSM,TWD,0001046179,2021-04-16,2021-04-16 07:58:57,2020,FY,660170647000.0,139722600000.0,802152615000.0,146089048000.0,146038403000.0,50645000.0,137353407000.0,0.0,6590238000.0,1092185308000.0,1583317502000.0,5436602000.0,20331577000.0,25768179000.0,27728208000.0,25958184000.0,5754024000.0,1668526097000.0,0.0,2760711405000.0,95004315000.0,196792300000.0,-101787985000.0,127832300000.0,91159000000.0,0.0,53909313000.0,0.0,317902785000.0,631898400000.0,256072700000.0,20560600000.0,0.0,0.0,16305058000.0,292938358000.0,0.0,20560649000.0,924836700000.0,0.0,54679800000.0,259303805000.0,1573840100000.0,56347200000.0,-54679800000.0,-54679800000.0,1834811300000.0,1850621999000.0,964743000.0,2760711405000.0,167339900000.0,367792300000.0,-292378300000.0,annual,TSM,TWD,0001046179,2021-04-16,2021-04-16 07:58:57,2020,FY,584777180000.0,331724691000.0,-58565844000.0,6600000.0,-28336654000.0,-8082708000.0,-54372211000.0,404607000.0,33713658000.0,-6939761000.0,822666212000.0,-521474525000.0,4326589000.0,-267249042000.0,267298227000.0,11317037000.0,-505781714000.0,172723700000.0,204310000000.0,-31586300000.0,0.0,0.0,7269000.0,-7269000.0,0.0,-259303805000.0,-259303805000.0,5000.0,-2034982000.0,-88615087000.0,-23498100000.0,204771311000.0,660170647000.0,455399336000.0,822666212000.0,-521474525000.0,301191687000.0,0.0,0.0,annual,TSM,2020,FY,TWD,15806003360495.043,15513625013495.043,11.58377406113836,18.857739368898553,51.507480727696986,16.88921069009786,-0.31830339455865553,1.7284191699171891,1.4068028646398274,177.08416076732178,10.277527074420043,0.8734454583124339,0.9964529628623593,460286908000.0,2069372589000.0,0.1850044880008021,0.22556237039723764,0.1867475694356516,0.27836323004986946,0.2231156689268971,0.2662440048368645,0.03231329187722022,0.019055524671896987,0.6338834844477604,1.572009980408724,0.38937663318436494,0.021248831813035128,0.08175143370776046,4.9281137540070795e-06,0.009333890878028954,142955680000.0,188187050000.0,110167301500.0,39.81505425255896,114.35498317451932,79.81535124315283,119.63040549571178,5.275422321192465,593569987000.0,94668396472.61377,1810106526000.0,167348608000.0,13702320830.172413,259303805000.0,259303805000.0
